2025-10-29 14:16:58,089 DEBUG registration.views Debug message
2025-10-29 14:17:00,281 DEBUG registration.tests Debug message
2025-10-29 14:17:00,973 DEBUG registration.views Debug message
2025-11-09 14:19:14,134 DEBUG registration.views Debug message
2025-11-09 14:19:14,249 DEBUG news.views Debug message
2025-11-09 14:19:14,355 DEBUG cryptocurrencies.views Debug message
2025-11-09 14:19:22,151 DEBUG registration.views Debug message
2025-11-09 14:19:22,207 DEBUG news.views Debug message
2025-11-09 14:19:22,240 DEBUG cryptocurrencies.views Debug message
2025-11-09 14:22:07,020 DEBUG registration.views Debug message
2025-11-09 14:22:07,072 DEBUG news.views Debug message
2025-11-09 14:22:07,090 DEBUG cryptocurrencies.views Debug message
2025-11-09 14:23:05,019 DEBUG registration.views Debug message
2025-11-09 14:23:05,200 DEBUG news.views Debug message
2025-11-09 14:23:05,378 DEBUG cryptocurrencies.views Debug message
2025-11-09 14:25:46,550 DEBUG registration.views Debug message
2025-11-09 14:25:46,571 DEBUG news.views Debug message
2025-11-09 14:25:46,593 DEBUG cryptocurrencies.views Debug message
2025-11-09 14:26:20,732 DEBUG registration.views Debug message
2025-11-09 14:26:20,779 DEBUG news.views Debug message
2025-11-09 14:26:20,834 DEBUG cryptocurrencies.views Debug message
2025-11-09 14:28:25,529 DEBUG registration.views Debug message
2025-11-09 14:28:25,561 DEBUG news.views Debug message
2025-11-09 14:28:25,584 DEBUG cryptocurrencies.views Debug message
2025-11-09 14:28:37,293 DEBUG registration.views Debug message
2025-11-09 14:28:37,315 DEBUG news.views Debug message
2025-11-09 14:28:37,335 DEBUG cryptocurrencies.views Debug message
2025-11-09 14:34:41,517 DEBUG registration.views Debug message
2025-11-09 14:34:41,554 DEBUG news.views Debug message
2025-11-09 14:34:41,580 DEBUG cryptocurrencies.views Debug message
2025-11-09 14:34:56,111 DEBUG registration.views Debug message
2025-11-09 14:34:56,167 DEBUG news.views Debug message
2025-11-09 14:34:56,226 DEBUG cryptocurrencies.views Debug message
2025-11-09 14:37:48,107 DEBUG registration.views Debug message
2025-11-09 14:39:44,067 DEBUG registration.views Debug message
2025-11-09 14:39:44,098 DEBUG news.views Debug message
2025-11-09 14:39:44,146 DEBUG cryptocurrencies.views Debug message
2025-11-09 14:44:58,106 DEBUG registration.views Debug message
2025-11-09 14:44:58,128 DEBUG news.views Debug message
2025-11-09 14:44:58,149 DEBUG cryptocurrencies.views Debug message
2025-11-09 14:44:58,167 DEBUG exchanges.views Debug message
2025-11-09 14:45:18,651 DEBUG registration.views Debug message
2025-11-09 14:45:18,672 DEBUG news.views Debug message
2025-11-09 14:45:18,700 DEBUG cryptocurrencies.views Debug message
2025-11-09 14:45:18,736 DEBUG exchanges.views Debug message
2025-11-09 14:45:37,934 DEBUG registration.views Debug message
2025-11-09 14:45:37,955 DEBUG news.views Debug message
2025-11-09 14:45:37,979 DEBUG cryptocurrencies.views Debug message
2025-11-09 14:45:38,000 DEBUG exchanges.views Debug message
2025-11-09 14:47:26,016 DEBUG registration.views Debug message
2025-11-09 14:47:26,167 DEBUG news.views Debug message
2025-11-09 14:47:26,257 DEBUG cryptocurrencies.views Debug message
2025-11-09 14:47:26,312 DEBUG exchanges.views Debug message
2025-11-09 14:47:36,913 DEBUG registration.views Debug message
2025-11-09 14:47:36,948 DEBUG news.views Debug message
2025-11-09 14:47:37,017 DEBUG cryptocurrencies.views Debug message
2025-11-09 14:47:37,052 DEBUG exchanges.views Debug message
2025-11-09 14:47:44,255 DEBUG registration.views Debug message
2025-11-09 14:47:44,305 DEBUG news.views Debug message
2025-11-09 14:47:44,417 DEBUG cryptocurrencies.views Debug message
2025-11-09 14:47:44,484 DEBUG exchanges.views Debug message
2025-11-09 14:48:32,520 DEBUG registration.views Debug message
2025-11-09 14:48:32,551 DEBUG news.views Debug message
2025-11-09 14:48:32,609 DEBUG cryptocurrencies.views Debug message
2025-11-09 14:48:32,646 DEBUG exchanges.views Debug message
2025-11-11 11:23:07,934 DEBUG registration.views Debug message
2025-11-11 11:23:08,039 DEBUG news.views Debug message
2025-11-11 11:23:08,076 DEBUG cryptocurrencies.views Debug message
2025-11-11 11:23:08,108 DEBUG exchanges.views Debug message
2025-11-11 11:23:36,275 DEBUG registration.views Debug message
2025-11-11 11:23:36,339 DEBUG news.views Debug message
2025-11-11 11:23:36,393 DEBUG cryptocurrencies.views Debug message
2025-11-11 11:23:36,466 DEBUG exchanges.views Debug message
2025-11-12 11:45:27,771 DEBUG registration.views Debug message
2025-11-12 11:45:27,872 DEBUG news.views Debug message
2025-11-12 11:45:27,923 DEBUG cryptocurrencies.views Debug message
2025-11-12 11:45:27,975 DEBUG exchanges.views Debug message
2025-11-12 11:45:37,892 DEBUG registration.views Debug message
2025-11-12 11:45:37,934 DEBUG news.views Debug message
2025-11-12 11:45:37,975 DEBUG cryptocurrencies.views Debug message
2025-11-12 11:45:38,016 DEBUG exchanges.views Debug message
2025-11-16 11:14:11,567 DEBUG registration.views Debug message
2025-11-16 11:14:11,707 DEBUG news.views Debug message
2025-11-16 11:14:11,821 DEBUG cryptocurrencies.views Debug message
2025-11-16 11:14:11,946 DEBUG exchanges.views Debug message
2025-11-16 11:17:56,293 DEBUG registration.views Debug message
2025-11-16 11:17:56,361 DEBUG news.views Debug message
2025-11-16 11:17:56,407 DEBUG cryptocurrencies.views Debug message
2025-11-16 11:17:56,441 DEBUG exchanges.views Debug message
2025-11-16 11:34:31,997 DEBUG asyncio Using selector: EpollSelector
2025-12-03 12:02:43,027 DEBUG registration.views Debug message
2025-12-03 12:02:43,028 INFO registration.views Info message
2025-12-03 12:02:43,030 ERROR registration.views Error message
2025-12-03 12:02:43,120 DEBUG news.views Debug message
2025-12-03 12:02:43,121 INFO news.views Info message
2025-12-03 12:02:43,122 ERROR news.views Error message
2025-12-03 12:02:43,193 DEBUG cryptocurrencies.views Debug message
2025-12-03 12:02:43,194 INFO cryptocurrencies.views Info message
2025-12-03 12:02:43,195 ERROR cryptocurrencies.views Error message
2025-12-03 12:02:43,267 DEBUG exchanges.views Debug message
2025-12-03 12:02:43,267 INFO exchanges.views Info message
2025-12-03 12:02:43,268 ERROR exchanges.views Error message
2025-12-03 12:03:15,099 DEBUG registration.views Debug message
2025-12-03 12:03:15,099 INFO registration.views Info message
2025-12-03 12:03:15,100 ERROR registration.views Error message
2025-12-03 12:03:15,144 DEBUG news.views Debug message
2025-12-03 12:03:15,144 INFO news.views Info message
2025-12-03 12:03:15,146 ERROR news.views Error message
2025-12-03 12:03:15,191 DEBUG cryptocurrencies.views Debug message
2025-12-03 12:03:15,192 INFO cryptocurrencies.views Info message
2025-12-03 12:03:15,193 ERROR cryptocurrencies.views Error message
2025-12-03 12:03:15,229 DEBUG exchanges.views Debug message
2025-12-03 12:03:15,230 INFO exchanges.views Info message
2025-12-03 12:03:15,231 ERROR exchanges.views Error message
2025-12-03 12:09:48,835 DEBUG registration.views Debug message
2025-12-03 12:09:48,836 INFO registration.views Info message
2025-12-03 12:09:48,837 ERROR registration.views Error message
2025-12-03 12:09:48,853 DEBUG news.views Debug message
2025-12-03 12:09:48,853 INFO news.views Info message
2025-12-03 12:09:48,854 ERROR news.views Error message
2025-12-03 12:09:48,869 DEBUG cryptocurrencies.views Debug message
2025-12-03 12:09:48,869 INFO cryptocurrencies.views Info message
2025-12-03 12:09:48,870 ERROR cryptocurrencies.views Error message
2025-12-03 12:09:48,889 DEBUG exchanges.views Debug message
2025-12-03 12:09:48,889 INFO exchanges.views Info message
2025-12-03 12:09:48,890 ERROR exchanges.views Error message
2025-12-03 12:10:23,888 DEBUG registration.views Debug message
2025-12-03 12:10:23,888 INFO registration.views Info message
2025-12-03 12:10:23,889 ERROR registration.views Error message
2025-12-03 12:10:23,902 DEBUG news.views Debug message
2025-12-03 12:10:23,903 INFO news.views Info message
2025-12-03 12:10:23,903 ERROR news.views Error message
2025-12-03 12:10:23,914 DEBUG cryptocurrencies.views Debug message
2025-12-03 12:10:23,914 INFO cryptocurrencies.views Info message
2025-12-03 12:10:23,915 ERROR cryptocurrencies.views Error message
2025-12-03 12:10:23,928 DEBUG exchanges.views Debug message
2025-12-03 12:10:23,929 INFO exchanges.views Info message
2025-12-03 12:10:23,929 ERROR exchanges.views Error message
2025-12-03 12:14:55,455 WARNING django.request Bad Request: /registration/auth/login/
2025-12-04 19:37:51,333 DEBUG registration.views Debug message
2025-12-04 19:37:51,335 INFO registration.views Info message
2025-12-04 19:37:51,336 ERROR registration.views Error message
2025-12-04 19:37:51,363 DEBUG news.views Debug message
2025-12-04 19:37:51,363 INFO news.views Info message
2025-12-04 19:37:51,364 ERROR news.views Error message
2025-12-04 19:37:51,422 DEBUG cryptocurrencies.views Debug message
2025-12-04 19:37:51,423 INFO cryptocurrencies.views Info message
2025-12-04 19:37:51,424 ERROR cryptocurrencies.views Error message
2025-12-04 19:37:51,483 DEBUG exchanges.views Debug message
2025-12-04 19:37:51,484 INFO exchanges.views Info message
2025-12-04 19:37:51,484 ERROR exchanges.views Error message
2025-12-04 19:38:02,839 DEBUG registration.views Debug message
2025-12-04 19:38:02,840 INFO registration.views Info message
2025-12-04 19:38:02,842 ERROR registration.views Error message
2025-12-04 19:38:02,883 DEBUG news.views Debug message
2025-12-04 19:38:02,884 INFO news.views Info message
2025-12-04 19:38:02,885 ERROR news.views Error message
2025-12-04 19:38:02,922 DEBUG cryptocurrencies.views Debug message
2025-12-04 19:38:02,922 INFO cryptocurrencies.views Info message
2025-12-04 19:38:02,923 ERROR cryptocurrencies.views Error message
2025-12-04 19:38:02,963 DEBUG exchanges.views Debug message
2025-12-04 19:38:02,964 INFO exchanges.views Info message
2025-12-04 19:38:02,965 ERROR exchanges.views Error message
2025-12-04 19:56:15,075 DEBUG registration.views Debug message
2025-12-04 19:56:15,076 INFO registration.views Info message
2025-12-04 19:56:15,077 ERROR registration.views Error message
2025-12-04 19:56:15,111 DEBUG news.views Debug message
2025-12-04 19:56:15,112 INFO news.views Info message
2025-12-04 19:56:15,113 ERROR news.views Error message
2025-12-04 19:56:15,133 DEBUG cryptocurrencies.views Debug message
2025-12-04 19:56:15,134 INFO cryptocurrencies.views Info message
2025-12-04 19:56:15,134 ERROR cryptocurrencies.views Error message
2025-12-04 19:56:15,157 DEBUG exchanges.views Debug message
2025-12-04 19:56:15,158 INFO exchanges.views Info message
2025-12-04 19:56:15,158 ERROR exchanges.views Error message
2025-12-04 19:56:33,200 DEBUG registration.views Debug message
2025-12-04 19:56:33,201 INFO registration.views Info message
2025-12-04 19:56:33,203 ERROR registration.views Error message
2025-12-04 19:56:33,266 DEBUG news.views Debug message
2025-12-04 19:56:33,267 INFO news.views Info message
2025-12-04 19:56:33,269 ERROR news.views Error message
2025-12-04 19:56:33,324 DEBUG cryptocurrencies.views Debug message
2025-12-04 19:56:33,325 INFO cryptocurrencies.views Info message
2025-12-04 19:56:33,327 ERROR cryptocurrencies.views Error message
2025-12-04 19:56:33,395 DEBUG exchanges.views Debug message
2025-12-04 19:56:33,396 INFO exchanges.views Info message
2025-12-04 19:56:33,398 ERROR exchanges.views Error message
2025-12-04 19:58:23,148 DEBUG registration.views Debug message
2025-12-04 19:58:23,148 INFO registration.views Info message
2025-12-04 19:58:23,149 ERROR registration.views Error message
2025-12-04 19:58:23,171 DEBUG news.views Debug message
2025-12-04 19:58:23,171 INFO news.views Info message
2025-12-04 19:58:23,172 ERROR news.views Error message
2025-12-04 19:58:23,199 DEBUG cryptocurrencies.views Debug message
2025-12-04 19:58:23,199 INFO cryptocurrencies.views Info message
2025-12-04 19:58:23,200 ERROR cryptocurrencies.views Error message
2025-12-04 19:58:23,215 DEBUG exchanges.views Debug message
2025-12-04 19:58:23,216 INFO exchanges.views Info message
2025-12-04 19:58:23,216 ERROR exchanges.views Error message
2025-12-04 19:58:36,615 DEBUG registration.views Debug message
2025-12-04 19:58:36,616 INFO registration.views Info message
2025-12-04 19:58:36,618 ERROR registration.views Error message
2025-12-04 19:58:36,678 DEBUG news.views Debug message
2025-12-04 19:58:36,679 INFO news.views Info message
2025-12-04 19:58:36,681 ERROR news.views Error message
2025-12-04 19:58:36,745 DEBUG cryptocurrencies.views Debug message
2025-12-04 19:58:36,746 INFO cryptocurrencies.views Info message
2025-12-04 19:58:36,748 ERROR cryptocurrencies.views Error message
2025-12-04 19:58:36,819 DEBUG exchanges.views Debug message
2025-12-04 19:58:36,820 INFO exchanges.views Info message
2025-12-04 19:58:36,822 ERROR exchanges.views Error message
2025-12-04 20:12:45,553 DEBUG registration.views Debug message
2025-12-04 20:12:45,554 INFO registration.views Info message
2025-12-04 20:12:45,554 ERROR registration.views Error message
2025-12-04 20:12:45,568 DEBUG news.views Debug message
2025-12-04 20:12:45,569 INFO news.views Info message
2025-12-04 20:12:45,570 ERROR news.views Error message
2025-12-04 20:12:45,583 DEBUG cryptocurrencies.views Debug message
2025-12-04 20:12:45,583 INFO cryptocurrencies.views Info message
2025-12-04 20:12:45,583 ERROR cryptocurrencies.views Error message
2025-12-04 20:12:45,593 DEBUG exchanges.views Debug message
2025-12-04 20:12:45,593 INFO exchanges.views Info message
2025-12-04 20:12:45,594 ERROR exchanges.views Error message
2025-12-04 20:12:45,610 DEBUG telegramChat.views Debug message
2025-12-04 20:12:45,610 INFO telegramChat.views Info message
2025-12-04 20:12:45,610 ERROR telegramChat.views Error message
2025-12-04 20:12:58,652 DEBUG registration.views Debug message
2025-12-04 20:12:58,654 INFO registration.views Info message
2025-12-04 20:12:58,656 ERROR registration.views Error message
2025-12-04 20:12:58,740 DEBUG news.views Debug message
2025-12-04 20:12:58,742 INFO news.views Info message
2025-12-04 20:12:58,743 ERROR news.views Error message
2025-12-04 20:12:58,902 DEBUG cryptocurrencies.views Debug message
2025-12-04 20:12:58,955 INFO cryptocurrencies.views Info message
2025-12-04 20:12:58,961 ERROR cryptocurrencies.views Error message
2025-12-04 20:12:59,326 DEBUG exchanges.views Debug message
2025-12-04 20:12:59,328 INFO exchanges.views Info message
2025-12-04 20:12:59,330 ERROR exchanges.views Error message
2025-12-04 20:12:59,377 DEBUG telegramChat.views Debug message
2025-12-04 20:12:59,378 INFO telegramChat.views Info message
2025-12-04 20:12:59,380 ERROR telegramChat.views Error message
2025-12-10 11:44:25,021 DEBUG registration.views Debug message
2025-12-10 11:44:25,022 INFO registration.views Info message
2025-12-10 11:44:25,023 ERROR registration.views Error message
2025-12-10 11:44:25,111 DEBUG news.views Debug message
2025-12-10 11:44:25,111 INFO news.views Info message
2025-12-10 11:44:25,112 ERROR news.views Error message
2025-12-10 11:44:25,180 DEBUG cryptocurrencies.views Debug message
2025-12-10 11:44:25,180 INFO cryptocurrencies.views Info message
2025-12-10 11:44:25,181 ERROR cryptocurrencies.views Error message
2025-12-10 11:44:25,253 DEBUG exchanges.views Debug message
2025-12-10 11:44:25,254 INFO exchanges.views Info message
2025-12-10 11:44:25,255 ERROR exchanges.views Error message
2025-12-10 11:44:25,320 DEBUG telegramChat.views Debug message
2025-12-10 11:44:25,321 INFO telegramChat.views Info message
2025-12-10 11:44:25,322 ERROR telegramChat.views Error message
2025-12-10 11:44:58,143 DEBUG registration.views Debug message
2025-12-10 11:44:58,144 INFO registration.views Info message
2025-12-10 11:44:58,145 ERROR registration.views Error message
2025-12-10 11:44:58,190 DEBUG news.views Debug message
2025-12-10 11:44:58,191 INFO news.views Info message
2025-12-10 11:44:58,192 ERROR news.views Error message
2025-12-10 11:44:58,288 DEBUG cryptocurrencies.views Debug message
2025-12-10 11:44:58,288 INFO cryptocurrencies.views Info message
2025-12-10 11:44:58,290 ERROR cryptocurrencies.views Error message
2025-12-10 11:44:58,333 DEBUG exchanges.views Debug message
2025-12-10 11:44:58,334 INFO exchanges.views Info message
2025-12-10 11:44:58,336 ERROR exchanges.views Error message
2025-12-10 11:44:58,386 DEBUG telegramChat.views Debug message
2025-12-10 11:44:58,388 INFO telegramChat.views Info message
2025-12-10 11:44:58,390 ERROR telegramChat.views Error message
2025-12-10 15:09:19,002 DEBUG registration.views Debug message
2025-12-10 15:09:19,002 INFO registration.views Info message
2025-12-10 15:09:19,003 ERROR registration.views Error message
2025-12-10 15:09:19,031 DEBUG news.views Debug message
2025-12-10 15:09:19,032 INFO news.views Info message
2025-12-10 15:09:19,033 ERROR news.views Error message
2025-12-10 15:10:18,440 DEBUG registration.views Debug message
2025-12-10 15:10:18,440 INFO registration.views Info message
2025-12-10 15:10:18,441 ERROR registration.views Error message
2025-12-10 15:10:18,455 DEBUG news.views Debug message
2025-12-10 15:10:18,456 INFO news.views Info message
2025-12-10 15:10:18,456 ERROR news.views Error message
2025-12-10 15:13:08,201 DEBUG registration.views Debug message
2025-12-10 15:13:08,201 INFO registration.views Info message
2025-12-10 15:13:08,202 ERROR registration.views Error message
2025-12-10 15:13:08,216 DEBUG news.views Debug message
2025-12-10 15:13:08,216 INFO news.views Info message
2025-12-10 15:13:08,217 ERROR news.views Error message
2025-12-10 15:13:08,251 DEBUG cryptocurrencies.views Debug message
2025-12-10 15:13:08,252 INFO cryptocurrencies.views Info message
2025-12-10 15:13:08,252 ERROR cryptocurrencies.views Error message
2025-12-10 15:13:08,265 DEBUG exchanges.views Debug message
2025-12-10 15:13:08,265 INFO exchanges.views Info message
2025-12-10 15:13:08,266 ERROR exchanges.views Error message
2025-12-10 15:13:08,277 DEBUG telegramChat.views Debug message
2025-12-10 15:13:08,277 INFO telegramChat.views Info message
2025-12-10 15:13:08,278 ERROR telegramChat.views Error message
2025-12-10 15:13:28,715 DEBUG registration.views Debug message
2025-12-10 15:13:28,716 INFO registration.views Info message
2025-12-10 15:13:28,717 ERROR registration.views Error message
2025-12-10 15:13:28,749 DEBUG news.views Debug message
2025-12-10 15:13:28,750 INFO news.views Info message
2025-12-10 15:13:28,752 ERROR news.views Error message
2025-12-10 15:13:28,793 DEBUG cryptocurrencies.views Debug message
2025-12-10 15:13:28,794 INFO cryptocurrencies.views Info message
2025-12-10 15:13:28,796 ERROR cryptocurrencies.views Error message
2025-12-10 15:13:28,850 DEBUG exchanges.views Debug message
2025-12-10 15:13:28,851 INFO exchanges.views Info message
2025-12-10 15:13:28,853 ERROR exchanges.views Error message
2025-12-10 15:13:28,908 DEBUG telegramChat.views Debug message
2025-12-10 15:13:28,909 INFO telegramChat.views Info message
2025-12-10 15:13:28,911 ERROR telegramChat.views Error message
2025-12-10 15:26:56,037 DEBUG registration.views Debug message
2025-12-10 15:26:56,038 INFO registration.views Info message
2025-12-10 15:26:56,039 ERROR registration.views Error message
2025-12-10 15:26:56,072 DEBUG news.views Debug message
2025-12-10 15:26:56,073 INFO news.views Info message
2025-12-10 15:26:56,075 ERROR news.views Error message
2025-12-10 15:26:56,112 DEBUG cryptocurrencies.views Debug message
2025-12-10 15:26:56,112 INFO cryptocurrencies.views Info message
2025-12-10 15:26:56,113 ERROR cryptocurrencies.views Error message
2025-12-10 15:26:56,142 DEBUG exchanges.views Debug message
2025-12-10 15:26:56,143 INFO exchanges.views Info message
2025-12-10 15:26:56,143 ERROR exchanges.views Error message
2025-12-10 15:26:56,168 DEBUG telegramChat.views Debug message
2025-12-10 15:26:56,169 INFO telegramChat.views Info message
2025-12-10 15:26:56,170 ERROR telegramChat.views Error message
2025-12-10 15:27:18,411 DEBUG registration.views Debug message
2025-12-10 15:27:18,412 INFO registration.views Info message
2025-12-10 15:27:18,413 ERROR registration.views Error message
2025-12-10 15:27:18,452 DEBUG news.views Debug message
2025-12-10 15:27:18,453 INFO news.views Info message
2025-12-10 15:27:18,454 ERROR news.views Error message
2025-12-10 15:27:18,493 DEBUG cryptocurrencies.views Debug message
2025-12-10 15:27:18,494 INFO cryptocurrencies.views Info message
2025-12-10 15:27:18,495 ERROR cryptocurrencies.views Error message
2025-12-10 15:27:18,534 DEBUG exchanges.views Debug message
2025-12-10 15:27:18,535 INFO exchanges.views Info message
2025-12-10 15:27:18,538 ERROR exchanges.views Error message
2025-12-10 15:27:18,580 DEBUG telegramChat.views Debug message
2025-12-10 15:27:18,581 INFO telegramChat.views Info message
2025-12-10 15:27:18,583 ERROR telegramChat.views Error message
2025-12-16 19:14:11,795 DEBUG registration.views Debug message
2025-12-16 19:14:11,796 INFO registration.views Info message
2025-12-16 19:14:11,797 ERROR registration.views Error message
2025-12-16 19:14:11,874 DEBUG news.views Debug message
2025-12-16 19:14:11,875 INFO news.views Info message
2025-12-16 19:14:11,875 ERROR news.views Error message
2025-12-16 19:14:11,932 DEBUG cryptocurrencies.views Debug message
2025-12-16 19:14:11,933 INFO cryptocurrencies.views Info message
2025-12-16 19:14:11,934 ERROR cryptocurrencies.views Error message
2025-12-16 19:14:11,991 DEBUG exchanges.views Debug message
2025-12-16 19:14:11,991 INFO exchanges.views Info message
2025-12-16 19:14:11,992 ERROR exchanges.views Error message
2025-12-16 19:14:12,050 DEBUG telegramChat.views Debug message
2025-12-16 19:14:12,051 INFO telegramChat.views Info message
2025-12-16 19:14:12,052 ERROR telegramChat.views Error message
2025-12-16 19:19:23,064 DEBUG registration.views Debug message
2025-12-16 19:19:23,065 INFO registration.views Info message
2025-12-16 19:19:23,066 ERROR registration.views Error message
2025-12-16 19:19:23,086 DEBUG news.views Debug message
2025-12-16 19:19:23,086 INFO news.views Info message
2025-12-16 19:19:23,087 ERROR news.views Error message
2025-12-16 19:19:23,106 DEBUG cryptocurrencies.views Debug message
2025-12-16 19:19:23,107 INFO cryptocurrencies.views Info message
2025-12-16 19:19:23,107 ERROR cryptocurrencies.views Error message
2025-12-16 19:19:23,124 DEBUG exchanges.views Debug message
2025-12-16 19:19:23,125 INFO exchanges.views Info message
2025-12-16 19:19:23,125 ERROR exchanges.views Error message
2025-12-16 19:19:23,142 DEBUG telegramChat.views Debug message
2025-12-16 19:19:23,143 INFO telegramChat.views Info message
2025-12-16 19:19:23,143 ERROR telegramChat.views Error message
2025-12-16 19:19:23,363 ERROR registration.views Error during registration: column "is_active" of relation "registration_user" does not exist
LINE 1: ...user" ("role", "login", "email", "password_hash", "is_active...
                                                             ^

2025-12-16 19:19:23,367 ERROR django.request Internal Server Error: /registration/auth/register/
2025-12-16 19:20:31,079 ERROR registration.views Error during registration: column "is_active" of relation "registration_user" does not exist
LINE 1: ...user" ("role", "login", "email", "password_hash", "is_active...
                                                             ^

2025-12-16 19:20:31,082 ERROR django.request Internal Server Error: /registration/auth/register/
2025-12-16 19:23:43,928 DEBUG registration.views Debug message
2025-12-16 19:23:43,929 INFO registration.views Info message
2025-12-16 19:23:43,930 ERROR registration.views Error message
2025-12-16 19:23:43,953 DEBUG news.views Debug message
2025-12-16 19:23:43,954 INFO news.views Info message
2025-12-16 19:23:43,955 ERROR news.views Error message
2025-12-16 19:23:43,972 DEBUG cryptocurrencies.views Debug message
2025-12-16 19:23:43,972 INFO cryptocurrencies.views Info message
2025-12-16 19:23:43,973 ERROR cryptocurrencies.views Error message
2025-12-16 19:23:43,988 DEBUG exchanges.views Debug message
2025-12-16 19:23:43,988 INFO exchanges.views Info message
2025-12-16 19:23:43,989 ERROR exchanges.views Error message
2025-12-16 19:23:44,004 DEBUG telegramChat.views Debug message
2025-12-16 19:23:44,004 INFO telegramChat.views Info message
2025-12-16 19:23:44,004 ERROR telegramChat.views Error message
2025-12-16 19:23:46,411 DEBUG registration.views Debug message
2025-12-16 19:23:46,411 INFO registration.views Info message
2025-12-16 19:23:46,412 ERROR registration.views Error message
2025-12-16 19:23:46,436 DEBUG news.views Debug message
2025-12-16 19:23:46,436 INFO news.views Info message
2025-12-16 19:23:46,437 ERROR news.views Error message
2025-12-16 19:23:46,459 DEBUG cryptocurrencies.views Debug message
2025-12-16 19:23:46,459 INFO cryptocurrencies.views Info message
2025-12-16 19:23:46,460 ERROR cryptocurrencies.views Error message
2025-12-16 19:23:46,482 DEBUG exchanges.views Debug message
2025-12-16 19:23:46,482 INFO exchanges.views Info message
2025-12-16 19:23:46,483 ERROR exchanges.views Error message
2025-12-16 19:23:46,502 DEBUG telegramChat.views Debug message
2025-12-16 19:23:46,503 INFO telegramChat.views Info message
2025-12-16 19:23:46,504 ERROR telegramChat.views Error message
2025-12-16 19:24:26,526 DEBUG registration.views Debug message
2025-12-16 19:24:26,526 INFO registration.views Info message
2025-12-16 19:24:26,527 ERROR registration.views Error message
2025-12-16 19:24:26,535 DEBUG news.views Debug message
2025-12-16 19:24:26,535 INFO news.views Info message
2025-12-16 19:24:26,535 ERROR news.views Error message
2025-12-16 19:24:26,542 DEBUG cryptocurrencies.views Debug message
2025-12-16 19:24:26,542 INFO cryptocurrencies.views Info message
2025-12-16 19:24:26,543 ERROR cryptocurrencies.views Error message
2025-12-16 19:24:26,549 DEBUG exchanges.views Debug message
2025-12-16 19:24:26,550 INFO exchanges.views Info message
2025-12-16 19:24:26,550 ERROR exchanges.views Error message
2025-12-16 19:24:26,556 DEBUG telegramChat.views Debug message
2025-12-16 19:24:26,557 INFO telegramChat.views Info message
2025-12-16 19:24:26,557 ERROR telegramChat.views Error message
2025-12-16 19:24:46,621 DEBUG registration.views Debug message
2025-12-16 19:24:46,621 INFO registration.views Info message
2025-12-16 19:24:46,622 ERROR registration.views Error message
2025-12-16 19:24:46,631 DEBUG news.views Debug message
2025-12-16 19:24:46,632 INFO news.views Info message
2025-12-16 19:24:46,632 ERROR news.views Error message
2025-12-16 19:24:46,639 DEBUG cryptocurrencies.views Debug message
2025-12-16 19:24:46,639 INFO cryptocurrencies.views Info message
2025-12-16 19:24:46,639 ERROR cryptocurrencies.views Error message
2025-12-16 19:24:46,646 DEBUG exchanges.views Debug message
2025-12-16 19:24:46,647 INFO exchanges.views Info message
2025-12-16 19:24:46,647 ERROR exchanges.views Error message
2025-12-16 19:24:46,653 DEBUG telegramChat.views Debug message
2025-12-16 19:24:46,654 INFO telegramChat.views Info message
2025-12-16 19:24:46,654 ERROR telegramChat.views Error message
2025-12-16 19:25:07,996 DEBUG registration.views Debug message
2025-12-16 19:25:07,997 INFO registration.views Info message
2025-12-16 19:25:07,997 ERROR registration.views Error message
2025-12-16 19:25:08,011 DEBUG news.views Debug message
2025-12-16 19:25:08,011 INFO news.views Info message
2025-12-16 19:25:08,011 ERROR news.views Error message
2025-12-16 19:25:08,023 DEBUG cryptocurrencies.views Debug message
2025-12-16 19:25:08,023 INFO cryptocurrencies.views Info message
2025-12-16 19:25:08,024 ERROR cryptocurrencies.views Error message
2025-12-16 19:25:08,036 DEBUG exchanges.views Debug message
2025-12-16 19:25:08,036 INFO exchanges.views Info message
2025-12-16 19:25:08,037 ERROR exchanges.views Error message
2025-12-16 19:25:08,045 DEBUG telegramChat.views Debug message
2025-12-16 19:25:08,045 INFO telegramChat.views Info message
2025-12-16 19:25:08,046 ERROR telegramChat.views Error message
2025-12-16 19:27:28,548 DEBUG registration.views Debug message
2025-12-16 19:27:28,548 INFO registration.views Info message
2025-12-16 19:27:28,548 ERROR registration.views Error message
2025-12-16 19:27:28,556 DEBUG news.views Debug message
2025-12-16 19:27:28,556 INFO news.views Info message
2025-12-16 19:27:28,557 ERROR news.views Error message
2025-12-16 19:27:28,564 DEBUG cryptocurrencies.views Debug message
2025-12-16 19:27:28,564 INFO cryptocurrencies.views Info message
2025-12-16 19:27:28,564 ERROR cryptocurrencies.views Error message
2025-12-16 19:27:28,571 DEBUG exchanges.views Debug message
2025-12-16 19:27:28,571 INFO exchanges.views Info message
2025-12-16 19:27:28,571 ERROR exchanges.views Error message
2025-12-16 19:27:28,577 DEBUG telegramChat.views Debug message
2025-12-16 19:27:28,578 INFO telegramChat.views Info message
2025-12-16 19:27:28,578 ERROR telegramChat.views Error message
2025-12-16 19:27:28,828 ERROR registration.views Error during registration: registration/email_confirmation.html
2025-12-16 19:27:28,829 ERROR django.request Internal Server Error: /registration/auth/register/
2025-12-16 19:58:47,582 DEBUG registration.views Debug message
2025-12-16 19:58:47,583 INFO registration.views Info message
2025-12-16 19:58:47,585 ERROR registration.views Error message
2025-12-16 19:58:47,616 DEBUG news.views Debug message
2025-12-16 19:58:47,616 INFO news.views Info message
2025-12-16 19:58:47,617 ERROR news.views Error message
2025-12-16 19:58:47,630 DEBUG cryptocurrencies.views Debug message
2025-12-16 19:58:47,631 INFO cryptocurrencies.views Info message
2025-12-16 19:58:47,631 ERROR cryptocurrencies.views Error message
2025-12-16 19:58:47,646 DEBUG exchanges.views Debug message
2025-12-16 19:58:47,646 INFO exchanges.views Info message
2025-12-16 19:58:47,647 ERROR exchanges.views Error message
2025-12-16 19:58:47,671 DEBUG telegramChat.views Debug message
2025-12-16 19:58:47,672 INFO telegramChat.views Info message
2025-12-16 19:58:47,673 ERROR telegramChat.views Error message
2025-12-16 19:59:28,418 DEBUG registration.views Debug message
2025-12-16 19:59:28,418 INFO registration.views Info message
2025-12-16 19:59:28,419 ERROR registration.views Error message
2025-12-16 19:59:28,432 DEBUG news.views Debug message
2025-12-16 19:59:28,432 INFO news.views Info message
2025-12-16 19:59:28,433 ERROR news.views Error message
2025-12-16 19:59:28,444 DEBUG cryptocurrencies.views Debug message
2025-12-16 19:59:28,444 INFO cryptocurrencies.views Info message
2025-12-16 19:59:28,445 ERROR cryptocurrencies.views Error message
2025-12-16 19:59:28,456 DEBUG exchanges.views Debug message
2025-12-16 19:59:28,456 INFO exchanges.views Info message
2025-12-16 19:59:28,456 ERROR exchanges.views Error message
2025-12-16 19:59:28,467 DEBUG telegramChat.views Debug message
2025-12-16 19:59:28,467 INFO telegramChat.views Info message
2025-12-16 19:59:28,467 ERROR telegramChat.views Error message
2025-12-16 19:59:28,502 WARNING django.request Bad Request: /registration/auth/register/
2025-12-16 19:59:35,754 WARNING django.request Bad Request: /registration/auth/register/
2025-12-16 19:59:38,981 WARNING django.request Bad Request: /registration/auth/register/
2025-12-16 20:00:10,676 ERROR registration.views Failed to send confirmation email: 'ascii' codec can't encode characters in position 20-22: ordinal not in range(128)
2025-12-16 20:11:45,041 DEBUG registration.views Debug message
2025-12-16 20:11:45,041 INFO registration.views Info message
2025-12-16 20:11:45,042 ERROR registration.views Error message
2025-12-16 20:11:45,061 DEBUG news.views Debug message
2025-12-16 20:11:45,061 INFO news.views Info message
2025-12-16 20:11:45,061 ERROR news.views Error message
2025-12-16 20:11:45,076 DEBUG cryptocurrencies.views Debug message
2025-12-16 20:11:45,077 INFO cryptocurrencies.views Info message
2025-12-16 20:11:45,077 ERROR cryptocurrencies.views Error message
2025-12-16 20:11:45,092 DEBUG exchanges.views Debug message
2025-12-16 20:11:45,093 INFO exchanges.views Info message
2025-12-16 20:11:45,094 ERROR exchanges.views Error message
2025-12-16 20:11:45,111 DEBUG telegramChat.views Debug message
2025-12-16 20:11:45,111 INFO telegramChat.views Info message
2025-12-16 20:11:45,112 ERROR telegramChat.views Error message
2025-12-16 20:13:04,301 DEBUG registration.views Debug message
2025-12-16 20:13:04,302 INFO registration.views Info message
2025-12-16 20:13:04,303 ERROR registration.views Error message
2025-12-16 20:13:04,340 DEBUG news.views Debug message
2025-12-16 20:13:04,341 INFO news.views Info message
2025-12-16 20:13:04,342 ERROR news.views Error message
2025-12-16 20:13:04,377 DEBUG cryptocurrencies.views Debug message
2025-12-16 20:13:04,378 INFO cryptocurrencies.views Info message
2025-12-16 20:13:04,381 ERROR cryptocurrencies.views Error message
2025-12-16 20:13:04,445 DEBUG exchanges.views Debug message
2025-12-16 20:13:04,446 INFO exchanges.views Info message
2025-12-16 20:13:04,447 ERROR exchanges.views Error message
2025-12-16 20:13:04,482 DEBUG telegramChat.views Debug message
2025-12-16 20:13:04,483 INFO telegramChat.views Info message
2025-12-16 20:13:04,484 ERROR telegramChat.views Error message
2025-12-16 20:13:04,533 WARNING django.request Bad Request: /registration/auth/register/
2025-12-16 20:14:24,995 WARNING django.request Unauthorized: /registration/auth/login/
2025-12-17 10:14:20,886 DEBUG registration.views Debug message
2025-12-17 10:14:20,887 INFO registration.views Info message
2025-12-17 10:14:20,887 ERROR registration.views Error message
2025-12-17 10:14:20,910 DEBUG news.views Debug message
2025-12-17 10:14:20,910 INFO news.views Info message
2025-12-17 10:14:20,911 ERROR news.views Error message
2025-12-17 10:14:20,943 DEBUG cryptocurrencies.views Debug message
2025-12-17 10:14:20,944 INFO cryptocurrencies.views Info message
2025-12-17 10:14:20,944 ERROR cryptocurrencies.views Error message
2025-12-17 10:14:20,962 DEBUG exchanges.views Debug message
2025-12-17 10:14:20,963 INFO exchanges.views Info message
2025-12-17 10:14:20,963 ERROR exchanges.views Error message
2025-12-17 10:14:20,987 DEBUG telegramChat.views Debug message
2025-12-17 10:14:20,988 INFO telegramChat.views Info message
2025-12-17 10:14:20,988 ERROR telegramChat.views Error message
2025-12-17 10:15:27,498 DEBUG registration.views Debug message
2025-12-17 10:15:27,498 INFO registration.views Info message
2025-12-17 10:15:27,499 ERROR registration.views Error message
2025-12-17 10:15:27,512 DEBUG news.views Debug message
2025-12-17 10:15:27,512 INFO news.views Info message
2025-12-17 10:15:27,513 ERROR news.views Error message
2025-12-17 10:15:27,528 DEBUG cryptocurrencies.views Debug message
2025-12-17 10:15:27,529 INFO cryptocurrencies.views Info message
2025-12-17 10:15:27,531 ERROR cryptocurrencies.views Error message
2025-12-17 10:15:27,573 DEBUG exchanges.views Debug message
2025-12-17 10:15:27,574 INFO exchanges.views Info message
2025-12-17 10:15:27,576 ERROR exchanges.views Error message
2025-12-17 10:15:27,610 DEBUG telegramChat.views Debug message
2025-12-17 10:15:27,610 INFO telegramChat.views Info message
2025-12-17 10:15:27,610 ERROR telegramChat.views Error message
2025-12-17 10:16:01,133 WARNING django.request Forbidden: /registration/auth/login/
2025-12-17 10:16:37,294 WARNING django.request Not Found: /favicon.ico
2025-12-17 10:16:51,670 INFO cryptocurrencies.views Retrieved 0 cryptocurrencies
2025-12-17 10:16:55,910 INFO news.views Retrieved 0 news items
2025-12-17 10:16:56,621 INFO exchanges.views Retrieved 0 exchanges
2025-12-17 10:16:57,806 INFO news.views Retrieved 0 news items
2025-12-17 10:17:00,770 INFO cryptocurrencies.views Retrieved 0 cryptocurrencies
2025-12-17 10:17:07,953 INFO news.views Retrieved 0 news items
2025-12-17 10:17:10,719 INFO exchanges.views Retrieved 0 exchanges
2025-12-17 10:17:24,779 INFO exchanges.views Retrieved 0 exchanges
2025-12-17 10:17:25,585 INFO cryptocurrencies.views Retrieved 0 cryptocurrencies
2025-12-17 10:17:46,530 INFO news.views Retrieved 0 news items
2025-12-17 10:17:47,027 INFO exchanges.views Retrieved 0 exchanges
2025-12-17 10:17:57,957 INFO exchanges.views Retrieved 0 exchanges
2025-12-17 10:18:04,742 INFO exchanges.views Retrieved 0 exchanges
2025-12-20 13:15:35,007 DEBUG registration.views Debug message
2025-12-20 13:15:35,008 INFO registration.views Info message
2025-12-20 13:15:35,010 ERROR registration.views Error message
2025-12-20 13:15:35,063 DEBUG news.views Debug message
2025-12-20 13:15:35,064 INFO news.views Info message
2025-12-20 13:15:35,066 ERROR news.views Error message
2025-12-20 13:15:35,131 DEBUG cryptocurrencies.views Debug message
2025-12-20 13:15:35,132 INFO cryptocurrencies.views Info message
2025-12-20 13:15:35,134 ERROR cryptocurrencies.views Error message
2025-12-20 13:15:35,183 DEBUG exchanges.views Debug message
2025-12-20 13:15:35,184 INFO exchanges.views Info message
2025-12-20 13:15:35,185 ERROR exchanges.views Error message
2025-12-20 13:15:35,209 DEBUG telegramChat.views Debug message
2025-12-20 13:15:35,210 INFO telegramChat.views Info message
2025-12-20 13:15:35,210 ERROR telegramChat.views Error message
2025-12-20 13:16:16,862 DEBUG registration.views Debug message
2025-12-20 13:16:16,863 INFO registration.views Info message
2025-12-20 13:16:16,865 ERROR registration.views Error message
2025-12-20 13:16:16,944 DEBUG news.views Debug message
2025-12-20 13:16:16,946 INFO news.views Info message
2025-12-20 13:16:16,948 ERROR news.views Error message
2025-12-20 13:16:17,000 DEBUG cryptocurrencies.views Debug message
2025-12-20 13:16:17,001 INFO cryptocurrencies.views Info message
2025-12-20 13:16:17,003 ERROR cryptocurrencies.views Error message
2025-12-20 13:16:17,055 DEBUG exchanges.views Debug message
2025-12-20 13:16:17,056 INFO exchanges.views Info message
2025-12-20 13:16:17,058 ERROR exchanges.views Error message
2025-12-20 13:16:17,107 DEBUG telegramChat.views Debug message
2025-12-20 13:16:17,108 INFO telegramChat.views Info message
2025-12-20 13:16:17,110 ERROR telegramChat.views Error message
2025-12-20 13:16:17,139 WARNING django.request Unauthorized: /registration/auth/profile/
2025-12-20 13:16:17,171 ERROR registration.views Error refreshing token: User matching query does not exist.
2025-12-20 13:16:17,174 ERROR django.request Internal Server Error: /registration/auth/refresh/
2025-12-20 13:17:53,613 WARNING django.request Not Found: /favicon.ico
2025-12-20 13:18:09,907 INFO cryptocurrencies.views Retrieved 0 cryptocurrencies
2025-12-20 13:18:13,673 INFO news.views Retrieved 0 news items
2025-12-20 13:18:15,204 INFO exchanges.views Retrieved 0 exchanges
2025-12-20 13:18:18,623 INFO news.views Retrieved 0 news items
2025-12-20 13:18:24,483 INFO news.views Retrieved 0 news items
2025-12-20 13:18:29,526 INFO cryptocurrencies.views Retrieved 0 cryptocurrencies
2025-12-20 13:18:30,279 INFO news.views Retrieved 0 news items
2025-12-20 13:18:30,783 INFO exchanges.views Retrieved 0 exchanges
2025-12-20 16:41:45,800 DEBUG registration.views Debug message
2025-12-20 16:41:45,801 INFO registration.views Info message
2025-12-20 16:41:45,802 ERROR registration.views Error message
2025-12-20 16:41:45,823 DEBUG news.views Debug message
2025-12-20 16:41:45,823 INFO news.views Info message
2025-12-20 16:41:45,824 ERROR news.views Error message
2025-12-20 16:41:45,851 DEBUG cryptocurrencies.views Debug message
2025-12-20 16:41:45,852 INFO cryptocurrencies.views Info message
2025-12-20 16:41:45,853 ERROR cryptocurrencies.views Error message
2025-12-20 16:41:45,877 DEBUG exchanges.views Debug message
2025-12-20 16:41:45,877 INFO exchanges.views Info message
2025-12-20 16:41:45,878 ERROR exchanges.views Error message
2025-12-20 16:41:45,908 DEBUG portfolios.views Debug message
2025-12-20 16:41:45,909 INFO portfolios.views Info message
2025-12-20 16:41:45,910 ERROR portfolios.views Error message
2025-12-20 16:41:45,938 DEBUG telegramChat.views Debug message
2025-12-20 16:41:45,938 INFO telegramChat.views Info message
2025-12-20 16:41:45,939 ERROR telegramChat.views Error message
2025-12-20 16:42:38,017 DEBUG registration.views Debug message
2025-12-20 16:42:38,018 INFO registration.views Info message
2025-12-20 16:42:38,020 ERROR registration.views Error message
2025-12-20 16:42:38,072 DEBUG news.views Debug message
2025-12-20 16:42:38,073 INFO news.views Info message
2025-12-20 16:42:38,074 ERROR news.views Error message
2025-12-20 16:42:38,106 DEBUG cryptocurrencies.views Debug message
2025-12-20 16:42:38,107 INFO cryptocurrencies.views Info message
2025-12-20 16:42:38,108 ERROR cryptocurrencies.views Error message
2025-12-20 16:42:38,140 DEBUG exchanges.views Debug message
2025-12-20 16:42:38,140 INFO exchanges.views Info message
2025-12-20 16:42:38,141 ERROR exchanges.views Error message
2025-12-20 16:42:38,174 DEBUG portfolios.views Debug message
2025-12-20 16:42:38,175 INFO portfolios.views Info message
2025-12-20 16:42:38,176 ERROR portfolios.views Error message
2025-12-20 16:42:38,205 DEBUG telegramChat.views Debug message
2025-12-20 16:42:38,205 INFO telegramChat.views Info message
2025-12-20 16:42:38,206 ERROR telegramChat.views Error message
2025-12-20 16:42:38,233 WARNING django.request Unauthorized: /registration/auth/profile/
2025-12-20 16:42:38,330 INFO cryptocurrencies.views Retrieved 0 cryptocurrencies
2025-12-20 16:42:44,659 INFO cryptocurrencies.views Retrieved 0 cryptocurrencies
2025-12-20 16:42:47,225 INFO portfolios.views Retrieved 0 portfolios for user 1
2025-12-20 16:42:50,279 INFO exchanges.views Retrieved 0 exchanges
2025-12-20 16:42:51,388 INFO news.views Retrieved 0 news items
2025-12-20 16:42:51,787 INFO cryptocurrencies.views Retrieved 0 cryptocurrencies
2025-12-20 16:42:52,530 INFO news.views Retrieved 0 news items
2025-12-20 16:42:53,096 INFO cryptocurrencies.views Retrieved 0 cryptocurrencies
2025-12-20 16:43:01,950 INFO cryptocurrencies.views Retrieved 0 cryptocurrencies
2025-12-20 16:43:03,173 INFO exchanges.views Retrieved 0 exchanges
2025-12-20 16:43:03,642 INFO portfolios.views Retrieved 0 portfolios for user 1
2025-12-20 16:43:15,707 INFO exchanges.views Retrieved 0 exchanges
2025-12-20 16:43:17,023 INFO news.views Retrieved 0 news items
2025-12-20 16:43:17,585 INFO cryptocurrencies.views Retrieved 0 cryptocurrencies
2025-12-20 16:43:19,955 INFO exchanges.views Retrieved 0 exchanges
2025-12-20 16:43:34,019 INFO cryptocurrencies.views Retrieved 0 cryptocurrencies
2025-12-20 16:43:36,065 INFO portfolios.views Retrieved 0 portfolios for user 1
2025-12-20 16:43:50,257 INFO portfolios.views Retrieved 0 portfolios for user 1
2025-12-20 16:43:57,277 INFO portfolios.views Retrieved 0 portfolios for user 1
2025-12-20 16:54:17,802 DEBUG registration.views Debug message
2025-12-20 16:54:17,802 INFO registration.views Info message
2025-12-20 16:54:17,803 ERROR registration.views Error message
2025-12-20 16:54:17,825 DEBUG news.views Debug message
2025-12-20 16:54:17,825 INFO news.views Info message
2025-12-20 16:54:17,825 ERROR news.views Error message
2025-12-20 16:54:17,838 DEBUG cryptocurrencies.views Debug message
2025-12-20 16:54:17,839 INFO cryptocurrencies.views Info message
2025-12-20 16:54:17,839 ERROR cryptocurrencies.views Error message
2025-12-20 16:54:17,848 DEBUG exchanges.views Debug message
2025-12-20 16:54:17,849 INFO exchanges.views Info message
2025-12-20 16:54:17,849 ERROR exchanges.views Error message
2025-12-20 16:54:17,859 DEBUG portfolios.views Debug message
2025-12-20 16:54:17,860 INFO portfolios.views Info message
2025-12-20 16:54:17,860 ERROR portfolios.views Error message
2025-12-20 16:54:17,871 DEBUG telegramChat.views Debug message
2025-12-20 16:54:17,871 INFO telegramChat.views Info message
2025-12-20 16:54:17,872 ERROR telegramChat.views Error message
2025-12-20 16:55:29,361 DEBUG registration.views Debug message
2025-12-20 16:55:29,361 INFO registration.views Info message
2025-12-20 16:55:29,362 ERROR registration.views Error message
2025-12-20 16:55:29,417 DEBUG news.views Debug message
2025-12-20 16:55:29,418 INFO news.views Info message
2025-12-20 16:55:29,419 ERROR news.views Error message
2025-12-20 16:55:29,481 DEBUG cryptocurrencies.views Debug message
2025-12-20 16:55:29,482 INFO cryptocurrencies.views Info message
2025-12-20 16:55:29,483 ERROR cryptocurrencies.views Error message
2025-12-20 16:55:29,514 DEBUG exchanges.views Debug message
2025-12-20 16:55:29,514 INFO exchanges.views Info message
2025-12-20 16:55:29,515 ERROR exchanges.views Error message
2025-12-20 16:55:29,542 DEBUG portfolios.views Debug message
2025-12-20 16:55:29,542 INFO portfolios.views Info message
2025-12-20 16:55:29,543 ERROR portfolios.views Error message
2025-12-20 16:55:29,561 DEBUG telegramChat.views Debug message
2025-12-20 16:55:29,562 INFO telegramChat.views Info message
2025-12-20 16:55:29,563 ERROR telegramChat.views Error message
2025-12-20 16:55:29,659 INFO cryptocurrencies.views Retrieved 0 cryptocurrencies
2025-12-20 16:55:41,338 INFO cryptocurrencies.views Retrieved 0 cryptocurrencies
2025-12-20 16:55:48,521 INFO registration.views User updated: Nephilim
2025-12-20 16:55:48,567 INFO cryptocurrencies.views Retrieved 0 cryptocurrencies
2025-12-23 11:03:04,829 DEBUG registration.views Debug message
2025-12-23 11:03:04,830 INFO registration.views Info message
2025-12-23 11:03:04,838 ERROR registration.views Error message
2025-12-23 11:03:05,122 DEBUG news.views Debug message
2025-12-23 11:03:05,126 INFO news.views Info message
2025-12-23 11:03:05,136 ERROR news.views Error message
2025-12-23 11:03:05,398 DEBUG cryptocurrencies.views Debug message
2025-12-23 11:03:05,402 INFO cryptocurrencies.views Info message
2025-12-23 11:03:05,412 ERROR cryptocurrencies.views Error message
2025-12-23 11:03:05,660 DEBUG exchanges.views Debug message
2025-12-23 11:03:05,664 INFO exchanges.views Info message
2025-12-23 11:03:05,674 ERROR exchanges.views Error message
2025-12-23 11:03:05,889 DEBUG portfolios.views Debug message
2025-12-23 11:03:05,890 INFO portfolios.views Info message
2025-12-23 11:03:05,893 ERROR portfolios.views Error message
2025-12-23 11:03:06,115 DEBUG telegramChat.views Debug message
2025-12-23 11:03:06,117 INFO telegramChat.views Info message
2025-12-23 11:03:06,121 ERROR telegramChat.views Error message
2025-12-23 11:04:13,232 DEBUG registration.views Debug message
2025-12-23 11:04:13,234 INFO registration.views Info message
2025-12-23 11:04:13,235 ERROR registration.views Error message
2025-12-23 11:04:13,291 DEBUG news.views Debug message
2025-12-23 11:04:13,292 INFO news.views Info message
2025-12-23 11:04:13,294 ERROR news.views Error message
2025-12-23 11:04:13,334 DEBUG cryptocurrencies.views Debug message
2025-12-23 11:04:13,334 INFO cryptocurrencies.views Info message
2025-12-23 11:04:13,336 ERROR cryptocurrencies.views Error message
2025-12-23 11:04:13,399 DEBUG exchanges.views Debug message
2025-12-23 11:04:13,400 INFO exchanges.views Info message
2025-12-23 11:04:13,401 ERROR exchanges.views Error message
2025-12-23 11:04:13,435 DEBUG portfolios.views Debug message
2025-12-23 11:04:13,435 INFO portfolios.views Info message
2025-12-23 11:04:13,436 ERROR portfolios.views Error message
2025-12-23 11:04:13,473 DEBUG telegramChat.views Debug message
2025-12-23 11:04:13,474 INFO telegramChat.views Info message
2025-12-23 11:04:13,476 ERROR telegramChat.views Error message
2025-12-23 11:04:13,486 WARNING django.request Unauthorized: /registration/auth/profile/
2025-12-23 11:04:13,597 INFO cryptocurrencies.views Retrieved 0 cryptocurrencies
2025-12-23 11:04:19,619 INFO cryptocurrencies.views Retrieved 0 cryptocurrencies
2025-12-23 11:13:02,051 DEBUG registration.views Debug message
2025-12-23 11:13:02,051 INFO registration.views Info message
2025-12-23 11:13:02,053 ERROR registration.views Error message
2025-12-23 11:13:02,136 DEBUG news.views Debug message
2025-12-23 11:13:02,136 INFO news.views Info message
2025-12-23 11:13:02,137 ERROR news.views Error message
2025-12-23 11:13:02,204 DEBUG cryptocurrencies.views Debug message
2025-12-23 11:13:02,205 INFO cryptocurrencies.views Info message
2025-12-23 11:13:02,206 ERROR cryptocurrencies.views Error message
2025-12-23 11:13:02,261 DEBUG exchanges.views Debug message
2025-12-23 11:13:02,262 INFO exchanges.views Info message
2025-12-23 11:13:02,262 ERROR exchanges.views Error message
2025-12-23 11:13:02,279 DEBUG portfolios.views Debug message
2025-12-23 11:13:02,279 INFO portfolios.views Info message
2025-12-23 11:13:02,280 ERROR portfolios.views Error message
2025-12-23 11:13:02,335 DEBUG telegramChat.views Debug message
2025-12-23 11:13:02,335 INFO telegramChat.views Info message
2025-12-23 11:13:02,336 ERROR telegramChat.views Error message
2025-12-23 11:13:39,014 DEBUG registration.views Debug message
2025-12-23 11:13:39,014 INFO registration.views Info message
2025-12-23 11:13:39,015 ERROR registration.views Error message
2025-12-23 11:13:39,071 DEBUG news.views Debug message
2025-12-23 11:13:39,072 INFO news.views Info message
2025-12-23 11:13:39,074 ERROR news.views Error message
2025-12-23 11:13:39,142 DEBUG cryptocurrencies.views Debug message
2025-12-23 11:13:39,143 INFO cryptocurrencies.views Info message
2025-12-23 11:13:39,147 ERROR cryptocurrencies.views Error message
2025-12-23 11:13:39,217 DEBUG exchanges.views Debug message
2025-12-23 11:13:39,218 INFO exchanges.views Info message
2025-12-23 11:13:39,219 ERROR exchanges.views Error message
2025-12-23 11:13:39,284 DEBUG portfolios.views Debug message
2025-12-23 11:13:39,285 INFO portfolios.views Info message
2025-12-23 11:13:39,287 ERROR portfolios.views Error message
2025-12-23 11:13:39,351 DEBUG telegramChat.views Debug message
2025-12-23 11:13:39,352 INFO telegramChat.views Info message
2025-12-23 11:13:39,353 ERROR telegramChat.views Error message
2025-12-23 11:13:39,455 WARNING django.request Not Found: /ws/chat/
2025-12-23 11:13:39,471 INFO cryptocurrencies.views Retrieved 0 cryptocurrencies
2025-12-23 11:13:42,483 WARNING django.request Not Found: /ws/chat/
2025-12-23 11:13:45,507 WARNING django.request Not Found: /ws/chat/
2025-12-23 11:13:48,531 WARNING django.request Not Found: /ws/chat/
2025-12-23 11:13:49,265 DEBUG asyncio Using selector: EpollSelector
2025-12-23 11:13:49,496 INFO telegramBot.bot Message sent to admin from user 1 (Nephilim)
2025-12-23 11:13:51,548 WARNING django.request Not Found: /ws/chat/
2025-12-23 11:13:54,587 WARNING django.request Not Found: /ws/chat/
2025-12-23 11:13:57,616 WARNING django.request Not Found: /ws/chat/
2025-12-23 11:14:00,657 WARNING django.request Not Found: /ws/chat/
2025-12-23 11:14:03,697 WARNING django.request Not Found: /ws/chat/
2025-12-23 11:14:06,738 WARNING django.request Not Found: /ws/chat/
2025-12-23 11:14:09,796 WARNING django.request Not Found: /ws/chat/
2025-12-23 11:14:12,961 WARNING django.request Not Found: /ws/chat/
2025-12-23 11:14:16,194 WARNING django.request Not Found: /ws/chat/
2025-12-23 11:14:19,588 WARNING django.request Not Found: /ws/chat/
2025-12-23 11:14:23,769 WARNING django.request Not Found: /ws/chat/
2025-12-23 11:14:27,444 WARNING django.request Not Found: /ws/chat/
2025-12-23 11:14:35,255 WARNING django.request Not Found: /ws/chat/
2025-12-23 11:14:42,760 WARNING django.request Not Found: /ws/chat/
2025-12-23 11:14:50,194 WARNING django.request Not Found: /ws/chat/
2025-12-23 11:14:55,478 WARNING django.request Not Found: /ws/chat/
2025-12-23 11:15:00,362 INFO news.views Retrieved 0 news items
2025-12-23 11:15:00,788 INFO portfolios.views Retrieved 0 portfolios for user 1
2025-12-23 11:15:01,224 WARNING django.request Not Found: /ws/chat/
2025-12-23 11:15:01,307 INFO exchanges.views Retrieved 0 exchanges
2025-12-23 11:15:05,716 WARNING django.request Not Found: /ws/chat/
2025-12-23 11:15:53,605 ERROR asyncio Unclosed client session
client_session: <aiohttp.client.ClientSession object at 0x7909531d9160>
2025-12-23 11:15:53,612 ERROR asyncio Unclosed connector
connections: ['deque([(<aiohttp.client_proto.ResponseHandler object at 0x79095318ee70>, 673.520100896)])']
connector: <aiohttp.connector.TCPConnector object at 0x7909531d8980>
2025-12-23 12:06:28,912 DEBUG registration.views Debug message
2025-12-23 12:06:28,912 INFO registration.views Info message
2025-12-23 12:06:28,913 ERROR registration.views Error message
2025-12-23 12:06:28,965 DEBUG news.views Debug message
2025-12-23 12:06:28,965 INFO news.views Info message
2025-12-23 12:06:28,965 ERROR news.views Error message
2025-12-23 12:06:28,996 DEBUG cryptocurrencies.views Debug message
2025-12-23 12:06:28,996 INFO cryptocurrencies.views Info message
2025-12-23 12:06:28,997 ERROR cryptocurrencies.views Error message
2025-12-23 12:06:29,009 DEBUG exchanges.views Debug message
2025-12-23 12:06:29,009 INFO exchanges.views Info message
2025-12-23 12:06:29,009 ERROR exchanges.views Error message
2025-12-23 12:06:29,032 DEBUG portfolios.views Debug message
2025-12-23 12:06:29,032 INFO portfolios.views Info message
2025-12-23 12:06:29,032 ERROR portfolios.views Error message
2025-12-23 12:06:29,056 DEBUG telegramChat.views Debug message
2025-12-23 12:06:29,057 INFO telegramChat.views Info message
2025-12-23 12:06:29,057 ERROR telegramChat.views Error message
2025-12-23 12:06:37,134 DEBUG urllib3.connectionpool Starting new HTTPS connection (1): api.coingecko.com:443
2025-12-23 12:06:37,379 DEBUG urllib3.connectionpool https://api.coingecko.com:443 "GET /api/v3/coins/markets?vs_currency=usd&order=market_cap_desc&per_page=30&page=1 HTTP/1.1" 200 None
2025-12-23 12:06:37,443 DEBUG urllib3.connectionpool Starting new HTTPS connection (1): api.coingecko.com:443
2025-12-23 12:06:37,638 DEBUG urllib3.connectionpool https://api.coingecko.com:443 "GET /api/v3/coins/bitcoin/ohlc?vs_currency=usd&days=1 HTTP/1.1" 200 None
2025-12-23 12:06:37,639 DEBUG urllib3.connectionpool Starting new HTTPS connection (1): api.coingecko.com:443
2025-12-23 12:06:37,855 DEBUG urllib3.connectionpool https://api.coingecko.com:443 "GET /api/v3/coins/bitcoin/market_chart?vs_currency=usd&days=1 HTTP/1.1" 200 None
2025-12-23 12:06:43,865 DEBUG urllib3.connectionpool Starting new HTTPS connection (1): api.coingecko.com:443
2025-12-23 12:06:44,165 DEBUG urllib3.connectionpool https://api.coingecko.com:443 "GET /api/v3/coins/ethereum/ohlc?vs_currency=usd&days=1 HTTP/1.1" 200 None
2025-12-23 12:06:44,166 DEBUG urllib3.connectionpool Starting new HTTPS connection (1): api.coingecko.com:443
2025-12-23 12:06:44,379 DEBUG urllib3.connectionpool https://api.coingecko.com:443 "GET /api/v3/coins/ethereum/market_chart?vs_currency=usd&days=1 HTTP/1.1" 200 None
2025-12-23 12:06:50,390 DEBUG urllib3.connectionpool Starting new HTTPS connection (1): api.coingecko.com:443
2025-12-23 12:06:50,494 DEBUG urllib3.connectionpool https://api.coingecko.com:443 "GET /api/v3/coins/tether/ohlc?vs_currency=usd&days=1 HTTP/1.1" 429 187
2025-12-23 12:06:56,500 DEBUG urllib3.connectionpool Starting new HTTPS connection (1): api.coingecko.com:443
2025-12-23 12:06:56,600 DEBUG urllib3.connectionpool https://api.coingecko.com:443 "GET /api/v3/coins/binancecoin/ohlc?vs_currency=usd&days=1 HTTP/1.1" 429 187
2025-12-23 12:07:02,606 DEBUG urllib3.connectionpool Starting new HTTPS connection (1): api.coingecko.com:443
2025-12-23 12:07:02,725 DEBUG urllib3.connectionpool https://api.coingecko.com:443 "GET /api/v3/coins/ripple/ohlc?vs_currency=usd&days=1 HTTP/1.1" 429 187
2025-12-23 12:07:08,729 DEBUG urllib3.connectionpool Starting new HTTPS connection (1): api.coingecko.com:443
2025-12-23 12:07:08,861 DEBUG urllib3.connectionpool https://api.coingecko.com:443 "GET /api/v3/coins/usd-coin/ohlc?vs_currency=usd&days=1 HTTP/1.1" 429 187
2025-12-23 12:07:14,863 DEBUG urllib3.connectionpool Starting new HTTPS connection (1): api.coingecko.com:443
2025-12-23 12:07:15,027 DEBUG urllib3.connectionpool https://api.coingecko.com:443 "GET /api/v3/coins/solana/ohlc?vs_currency=usd&days=1 HTTP/1.1" 429 187
2025-12-23 12:07:21,031 DEBUG urllib3.connectionpool Starting new HTTPS connection (1): api.coingecko.com:443
2025-12-23 12:07:21,194 DEBUG urllib3.connectionpool https://api.coingecko.com:443 "GET /api/v3/coins/tron/ohlc?vs_currency=usd&days=1 HTTP/1.1" 429 187
2025-12-23 12:07:27,198 DEBUG urllib3.connectionpool Starting new HTTPS connection (1): api.coingecko.com:443
2025-12-23 12:07:27,295 DEBUG urllib3.connectionpool https://api.coingecko.com:443 "GET /api/v3/coins/staked-ether/ohlc?vs_currency=usd&days=1 HTTP/1.1" 429 187
2025-12-23 12:07:33,302 DEBUG urllib3.connectionpool Starting new HTTPS connection (1): api.coingecko.com:443
2025-12-23 12:07:33,813 DEBUG urllib3.connectionpool https://api.coingecko.com:443 "GET /api/v3/coins/dogecoin/ohlc?vs_currency=usd&days=1 HTTP/1.1" 429 187
2025-12-23 12:07:39,814 DEBUG urllib3.connectionpool Starting new HTTPS connection (1): api.coingecko.com:443
2025-12-23 12:07:39,894 DEBUG urllib3.connectionpool https://api.coingecko.com:443 "GET /api/v3/coins/figure-heloc/ohlc?vs_currency=usd&days=1 HTTP/1.1" 429 187
2025-12-23 12:07:45,900 DEBUG urllib3.connectionpool Starting new HTTPS connection (1): api.coingecko.com:443
2025-12-23 12:07:45,987 DEBUG urllib3.connectionpool https://api.coingecko.com:443 "GET /api/v3/coins/cardano/ohlc?vs_currency=usd&days=1 HTTP/1.1" 429 187
2025-12-23 12:07:51,992 DEBUG urllib3.connectionpool Starting new HTTPS connection (1): api.coingecko.com:443
2025-12-23 12:07:52,353 DEBUG urllib3.connectionpool https://api.coingecko.com:443 "GET /api/v3/coins/whitebit/ohlc?vs_currency=usd&days=1 HTTP/1.1" 200 None
2025-12-23 12:07:52,357 DEBUG urllib3.connectionpool Starting new HTTPS connection (1): api.coingecko.com:443
2025-12-23 12:07:52,656 DEBUG urllib3.connectionpool https://api.coingecko.com:443 "GET /api/v3/coins/whitebit/market_chart?vs_currency=usd&days=1 HTTP/1.1" 200 None
2025-12-23 12:07:58,666 DEBUG urllib3.connectionpool Starting new HTTPS connection (1): api.coingecko.com:443
2025-12-23 12:07:58,934 DEBUG urllib3.connectionpool https://api.coingecko.com:443 "GET /api/v3/coins/bitcoin-cash/ohlc?vs_currency=usd&days=1 HTTP/1.1" 200 None
2025-12-23 12:07:58,936 DEBUG urllib3.connectionpool Starting new HTTPS connection (1): api.coingecko.com:443
2025-12-23 12:07:59,189 DEBUG urllib3.connectionpool https://api.coingecko.com:443 "GET /api/v3/coins/bitcoin-cash/market_chart?vs_currency=usd&days=1 HTTP/1.1" 200 None
2025-12-23 12:08:05,199 DEBUG urllib3.connectionpool Starting new HTTPS connection (1): api.coingecko.com:443
2025-12-23 12:08:05,510 DEBUG urllib3.connectionpool https://api.coingecko.com:443 "GET /api/v3/coins/wrapped-steth/ohlc?vs_currency=usd&days=1 HTTP/1.1" 200 None
2025-12-23 12:08:05,512 DEBUG urllib3.connectionpool Starting new HTTPS connection (1): api.coingecko.com:443
2025-12-23 12:08:05,777 DEBUG urllib3.connectionpool https://api.coingecko.com:443 "GET /api/v3/coins/wrapped-steth/market_chart?vs_currency=usd&days=1 HTTP/1.1" 200 None
2025-12-23 12:08:11,781 DEBUG urllib3.connectionpool Starting new HTTPS connection (1): api.coingecko.com:443
2025-12-23 12:08:11,942 DEBUG urllib3.connectionpool https://api.coingecko.com:443 "GET /api/v3/coins/wrapped-bitcoin/ohlc?vs_currency=usd&days=1 HTTP/1.1" 429 187
2025-12-23 12:08:17,946 DEBUG urllib3.connectionpool Starting new HTTPS connection (1): api.coingecko.com:443
2025-12-23 12:08:18,032 DEBUG urllib3.connectionpool https://api.coingecko.com:443 "GET /api/v3/coins/wrapped-beacon-eth/ohlc?vs_currency=usd&days=1 HTTP/1.1" 429 187
2025-12-23 12:08:24,036 DEBUG urllib3.connectionpool Starting new HTTPS connection (1): api.coingecko.com:443
2025-12-23 12:08:24,147 DEBUG urllib3.connectionpool https://api.coingecko.com:443 "GET /api/v3/coins/usds/ohlc?vs_currency=usd&days=1 HTTP/1.1" 429 187
2025-12-23 12:08:30,151 DEBUG urllib3.connectionpool Starting new HTTPS connection (1): api.coingecko.com:443
2025-12-23 12:08:30,257 DEBUG urllib3.connectionpool https://api.coingecko.com:443 "GET /api/v3/coins/wrapped-eeth/ohlc?vs_currency=usd&days=1 HTTP/1.1" 429 187
2025-12-23 12:08:36,262 DEBUG urllib3.connectionpool Starting new HTTPS connection (1): api.coingecko.com:443
2025-12-23 12:08:36,380 DEBUG urllib3.connectionpool https://api.coingecko.com:443 "GET /api/v3/coins/binance-bridged-usdt-bnb-smart-chain/ohlc?vs_currency=usd&days=1 HTTP/1.1" 429 187
2025-12-23 12:08:42,383 DEBUG urllib3.connectionpool Starting new HTTPS connection (1): api.coingecko.com:443
2025-12-23 12:08:42,495 DEBUG urllib3.connectionpool https://api.coingecko.com:443 "GET /api/v3/coins/chainlink/ohlc?vs_currency=usd&days=1 HTTP/1.1" 429 187
2025-12-23 12:08:48,501 DEBUG urllib3.connectionpool Starting new HTTPS connection (1): api.coingecko.com:443
2025-12-23 12:08:48,638 DEBUG urllib3.connectionpool https://api.coingecko.com:443 "GET /api/v3/coins/monero/ohlc?vs_currency=usd&days=1 HTTP/1.1" 429 187
2025-12-23 12:08:54,644 DEBUG urllib3.connectionpool Starting new HTTPS connection (1): api.coingecko.com:443
2025-12-23 12:08:54,721 DEBUG urllib3.connectionpool https://api.coingecko.com:443 "GET /api/v3/coins/leo-token/ohlc?vs_currency=usd&days=1 HTTP/1.1" 429 187
2025-12-23 12:09:00,725 DEBUG urllib3.connectionpool Starting new HTTPS connection (1): api.coingecko.com:443
2025-12-23 12:09:00,884 DEBUG urllib3.connectionpool https://api.coingecko.com:443 "GET /api/v3/coins/weth/ohlc?vs_currency=usd&days=1 HTTP/1.1" 429 187
2025-12-23 12:09:06,888 DEBUG urllib3.connectionpool Starting new HTTPS connection (1): api.coingecko.com:443
2025-12-23 12:09:07,019 DEBUG urllib3.connectionpool https://api.coingecko.com:443 "GET /api/v3/coins/stellar/ohlc?vs_currency=usd&days=1 HTTP/1.1" 429 187
2025-12-23 12:09:13,020 DEBUG urllib3.connectionpool Starting new HTTPS connection (1): api.coingecko.com:443
2025-12-23 12:09:13,470 DEBUG urllib3.connectionpool https://api.coingecko.com:443 "GET /api/v3/coins/zcash/ohlc?vs_currency=usd&days=1 HTTP/1.1" 200 None
2025-12-23 12:09:13,473 DEBUG urllib3.connectionpool Starting new HTTPS connection (1): api.coingecko.com:443
2025-12-23 12:09:13,961 DEBUG urllib3.connectionpool https://api.coingecko.com:443 "GET /api/v3/coins/zcash/market_chart?vs_currency=usd&days=1 HTTP/1.1" 200 None
2025-12-23 12:10:01,922 DEBUG registration.views Debug message
2025-12-23 12:10:01,922 INFO registration.views Info message
2025-12-23 12:10:01,922 ERROR registration.views Error message
2025-12-23 12:10:01,937 DEBUG news.views Debug message
2025-12-23 12:10:01,937 INFO news.views Info message
2025-12-23 12:10:01,938 ERROR news.views Error message
2025-12-23 12:10:01,951 DEBUG cryptocurrencies.views Debug message
2025-12-23 12:10:01,952 INFO cryptocurrencies.views Info message
2025-12-23 12:10:01,952 ERROR cryptocurrencies.views Error message
2025-12-23 12:10:01,968 DEBUG exchanges.views Debug message
2025-12-23 12:10:01,968 INFO exchanges.views Info message
2025-12-23 12:10:01,969 ERROR exchanges.views Error message
2025-12-23 12:10:01,994 DEBUG portfolios.views Debug message
2025-12-23 12:10:01,994 INFO portfolios.views Info message
2025-12-23 12:10:01,995 ERROR portfolios.views Error message
2025-12-23 12:10:02,020 DEBUG telegramChat.views Debug message
2025-12-23 12:10:02,021 INFO telegramChat.views Info message
2025-12-23 12:10:02,022 ERROR telegramChat.views Error message
2025-12-23 12:10:02,029 WARNING django.request Unauthorized: /registration/auth/profile/
2025-12-23 12:10:02,087 WARNING django.request Not Found: /ws/chat/
2025-12-23 12:10:02,094 INFO cryptocurrencies.views Retrieved 30 cryptocurrencies
2025-12-23 12:10:05,098 WARNING django.request Not Found: /ws/chat/
2025-12-23 12:10:08,106 WARNING django.request Not Found: /ws/chat/
2025-12-23 12:10:11,130 WARNING django.request Not Found: /ws/chat/
2025-12-23 12:10:11,168 INFO exchanges.views Retrieved 0 exchanges
2025-12-23 12:10:12,109 INFO portfolios.views Retrieved 0 portfolios for user 1
2025-12-23 12:10:12,598 INFO news.views Retrieved 0 news items
2025-12-23 12:10:13,041 INFO cryptocurrencies.views Retrieved 30 cryptocurrencies
2025-12-23 12:10:14,155 WARNING django.request Not Found: /ws/chat/
2025-12-23 12:10:17,181 WARNING django.request Not Found: /ws/chat/
2025-12-23 12:10:20,209 WARNING django.request Not Found: /ws/chat/
2025-12-23 12:10:23,234 WARNING django.request Not Found: /ws/chat/
2025-12-23 12:10:26,269 WARNING django.request Not Found: /ws/chat/
2025-12-23 12:10:29,326 WARNING django.request Not Found: /ws/chat/
2025-12-23 12:10:32,365 WARNING django.request Not Found: /ws/chat/
2025-12-23 12:10:35,504 WARNING django.request Not Found: /ws/chat/
2025-12-23 12:10:38,687 WARNING django.request Not Found: /ws/chat/
2025-12-23 12:10:41,917 WARNING django.request Not Found: /ws/chat/
2025-12-23 12:10:45,367 INFO news.views Retrieved 0 news items
2025-12-23 12:10:45,693 WARNING django.request Not Found: /ws/chat/
2025-12-23 12:10:46,377 INFO exchanges.views Retrieved 0 exchanges
2025-12-23 12:10:50,940 WARNING django.request Not Found: /ws/chat/
2025-12-23 12:10:51,813 INFO cryptocurrencies.views Retrieved 30 cryptocurrencies
2025-12-23 12:10:55,394 WARNING django.request Not Found: /ws/chat/
2025-12-23 12:11:00,815 WARNING django.request Not Found: /ws/chat/
2025-12-23 12:11:06,148 WARNING django.request Not Found: /ws/chat/
2025-12-23 12:11:10,473 WARNING django.request Not Found: /ws/chat/
2025-12-23 12:11:18,059 WARNING django.request Not Found: /ws/chat/
2025-12-23 12:11:26,729 WARNING django.request Not Found: /ws/chat/
2025-12-23 12:16:50,038 DEBUG registration.views Debug message
2025-12-23 12:16:50,039 INFO registration.views Info message
2025-12-23 12:16:50,039 ERROR registration.views Error message
2025-12-23 12:16:50,057 DEBUG news.views Debug message
2025-12-23 12:16:50,057 INFO news.views Info message
2025-12-23 12:16:50,058 ERROR news.views Error message
2025-12-23 12:16:50,075 DEBUG cryptocurrencies.views Debug message
2025-12-23 12:16:50,075 INFO cryptocurrencies.views Info message
2025-12-23 12:16:50,076 ERROR cryptocurrencies.views Error message
2025-12-23 12:16:50,095 DEBUG exchanges.views Debug message
2025-12-23 12:16:50,096 INFO exchanges.views Info message
2025-12-23 12:16:50,097 ERROR exchanges.views Error message
2025-12-23 12:16:50,114 DEBUG portfolios.views Debug message
2025-12-23 12:16:50,115 INFO portfolios.views Info message
2025-12-23 12:16:50,116 ERROR portfolios.views Error message
2025-12-23 12:16:50,130 DEBUG telegramChat.views Debug message
2025-12-23 12:16:50,131 INFO telegramChat.views Info message
2025-12-23 12:16:50,131 ERROR telegramChat.views Error message
2025-12-23 12:17:26,407 DEBUG registration.views Debug message
2025-12-23 12:17:26,407 INFO registration.views Info message
2025-12-23 12:17:26,408 ERROR registration.views Error message
2025-12-23 12:17:26,420 DEBUG news.views Debug message
2025-12-23 12:17:26,420 INFO news.views Info message
2025-12-23 12:17:26,421 ERROR news.views Error message
2025-12-23 12:17:26,431 DEBUG cryptocurrencies.views Debug message
2025-12-23 12:17:26,431 INFO cryptocurrencies.views Info message
2025-12-23 12:17:26,431 ERROR cryptocurrencies.views Error message
2025-12-23 12:17:26,442 DEBUG exchanges.views Debug message
2025-12-23 12:17:26,442 INFO exchanges.views Info message
2025-12-23 12:17:26,442 ERROR exchanges.views Error message
2025-12-23 12:17:26,453 DEBUG portfolios.views Debug message
2025-12-23 12:17:26,453 INFO portfolios.views Info message
2025-12-23 12:17:26,454 ERROR portfolios.views Error message
2025-12-23 12:17:26,466 DEBUG telegramChat.views Debug message
2025-12-23 12:17:26,466 INFO telegramChat.views Info message
2025-12-23 12:17:26,467 ERROR telegramChat.views Error message
2025-12-23 12:17:26,509 WARNING django.request Not Found: /ws/chat/
2025-12-23 12:17:26,520 INFO cryptocurrencies.views Retrieved 30 cryptocurrencies
2025-12-23 12:17:29,534 WARNING django.request Not Found: /ws/chat/
2025-12-23 12:17:32,554 WARNING django.request Not Found: /ws/chat/
2025-12-23 12:17:35,585 WARNING django.request Not Found: /ws/chat/
2025-12-23 12:17:38,596 WARNING django.request Not Found: /ws/chat/
2025-12-23 12:17:41,628 WARNING django.request Not Found: /ws/chat/
2025-12-23 12:17:44,672 WARNING django.request Not Found: /ws/chat/
2025-12-23 12:17:47,220 DEBUG asyncio Using selector: EpollSelector
2025-12-23 12:17:47,494 INFO telegramBot.bot Message sent to admin from user 1 (Nephilim)
2025-12-23 12:17:47,719 WARNING django.request Not Found: /ws/chat/
2025-12-23 12:17:50,762 WARNING django.request Not Found: /ws/chat/
2025-12-23 12:17:53,844 WARNING django.request Not Found: /ws/chat/
2025-12-23 12:17:56,902 WARNING django.request Not Found: /ws/chat/
2025-12-23 12:17:59,955 WARNING django.request Not Found: /ws/chat/
2025-12-23 12:18:03,094 WARNING django.request Not Found: /ws/chat/
2025-12-23 12:18:06,485 WARNING django.request Not Found: /ws/chat/
2025-12-23 12:18:08,350 INFO news.views Retrieved 0 news items
2025-12-23 12:18:08,970 INFO portfolios.views Retrieved 0 portfolios for user 1
2025-12-23 12:18:09,827 WARNING django.request Not Found: /ws/chat/
2025-12-23 12:18:10,560 INFO exchanges.views Retrieved 0 exchanges
2025-12-23 12:18:14,814 WARNING django.request Not Found: /ws/chat/
2025-12-23 12:18:19,512 INFO exchanges.views Retrieved 0 exchanges
2025-12-23 12:18:32,292 INFO cryptocurrencies.views Retrieved 30 cryptocurrencies
2025-12-23 12:18:34,739 WARNING django.request Not Found: /ws/chat/
2025-12-23 12:18:39,934 WARNING django.request Not Found: /ws/chat/
2025-12-23 12:18:44,928 INFO portfolios.views Retrieved 0 portfolios for user 1
2025-12-23 12:18:45,687 INFO news.views Retrieved 0 news items
2025-12-23 12:18:47,034 WARNING django.request Not Found: /ws/chat/
2025-12-23 12:18:54,405 WARNING django.request Not Found: /ws/chat/
2025-12-23 12:19:00,295 WARNING django.request Not Found: /ws/chat/
2025-12-23 12:19:02,839 INFO news.views News created: 1 by user 1
2025-12-23 12:19:02,851 INFO news.views Retrieved 1 news items
2025-12-23 12:19:04,359 WARNING django.request Not Found: /ws/chat/
2025-12-23 12:19:13,356 INFO news.views Retrieved 1 news items
2025-12-23 12:19:14,170 INFO portfolios.views Retrieved 0 portfolios for user 1
2025-12-23 12:19:14,672 INFO news.views Retrieved 1 news items
2025-12-23 12:19:17,511 WARNING django.request Not Found: /ws/chat/
2025-12-23 12:19:23,756 WARNING django.request Not Found: /ws/chat/
2025-12-23 12:19:26,775 WARNING django.request Not Found: /ws/chat/
2025-12-23 12:19:30,054 WARNING django.request Not Found: /ws/chat/
2025-12-23 12:19:34,046 WARNING django.request Not Found: /ws/chat/
2025-12-23 12:19:37,065 WARNING django.request Not Found: /ws/chat/
2025-12-23 12:19:52,970 ERROR asyncio Unclosed client session
client_session: <aiohttp.client.ClientSession object at 0x7b6e94015160>
2025-12-23 12:19:52,982 ERROR asyncio Unclosed connector
connections: ['deque([(<aiohttp.client_proto.ResponseHandler object at 0x7b6e93fcb590>, 4497.161694885)])']
connector: <aiohttp.connector.TCPConnector object at 0x7b6e94014980>
2025-12-23 12:34:34,009 DEBUG registration.views Debug message
2025-12-23 12:34:34,010 INFO registration.views Info message
2025-12-23 12:34:34,010 ERROR registration.views Error message
2025-12-23 12:34:34,028 DEBUG news.views Debug message
2025-12-23 12:34:34,028 INFO news.views Info message
2025-12-23 12:34:34,029 ERROR news.views Error message
2025-12-23 12:34:34,045 DEBUG cryptocurrencies.views Debug message
2025-12-23 12:34:34,045 INFO cryptocurrencies.views Info message
2025-12-23 12:34:34,046 ERROR cryptocurrencies.views Error message
2025-12-23 12:34:34,062 DEBUG exchanges.views Debug message
2025-12-23 12:34:34,062 INFO exchanges.views Info message
2025-12-23 12:34:34,063 ERROR exchanges.views Error message
2025-12-23 12:34:34,078 DEBUG portfolios.views Debug message
2025-12-23 12:34:34,078 INFO portfolios.views Info message
2025-12-23 12:34:34,078 ERROR portfolios.views Error message
2025-12-23 12:34:34,091 DEBUG telegramChat.views Debug message
2025-12-23 12:34:34,091 INFO telegramChat.views Info message
2025-12-23 12:34:34,092 ERROR telegramChat.views Error message
2025-12-23 12:35:09,807 DEBUG registration.views Debug message
2025-12-23 12:35:09,808 INFO registration.views Info message
2025-12-23 12:35:09,809 ERROR registration.views Error message
2025-12-23 12:35:09,835 DEBUG news.views Debug message
2025-12-23 12:35:09,836 INFO news.views Info message
2025-12-23 12:35:09,837 ERROR news.views Error message
2025-12-23 12:35:09,857 DEBUG cryptocurrencies.views Debug message
2025-12-23 12:35:09,858 INFO cryptocurrencies.views Info message
2025-12-23 12:35:09,859 ERROR cryptocurrencies.views Error message
2025-12-23 12:35:09,882 DEBUG exchanges.views Debug message
2025-12-23 12:35:09,882 INFO exchanges.views Info message
2025-12-23 12:35:09,883 ERROR exchanges.views Error message
2025-12-23 12:35:09,906 DEBUG portfolios.views Debug message
2025-12-23 12:35:09,906 INFO portfolios.views Info message
2025-12-23 12:35:09,907 ERROR portfolios.views Error message
2025-12-23 12:35:09,926 DEBUG telegramChat.views Debug message
2025-12-23 12:35:09,926 INFO telegramChat.views Info message
2025-12-23 12:35:09,927 ERROR telegramChat.views Error message
2025-12-23 12:35:09,970 WARNING django.request Not Found: /ws/chat/
2025-12-23 12:35:09,987 INFO cryptocurrencies.views Retrieved 30 cryptocurrencies
2025-12-23 12:35:12,997 WARNING django.request Not Found: /ws/chat/
2025-12-23 12:35:16,010 WARNING django.request Not Found: /ws/chat/
2025-12-23 12:35:19,039 WARNING django.request Not Found: /ws/chat/
2025-12-23 12:35:22,056 WARNING django.request Not Found: /ws/chat/
2025-12-23 12:35:23,025 INFO news.views Retrieved 1 news items
2025-12-23 12:35:25,076 WARNING django.request Not Found: /ws/chat/
2025-12-23 12:35:28,110 WARNING django.request Not Found: /ws/chat/
2025-12-23 12:35:31,143 WARNING django.request Not Found: /ws/chat/
2025-12-23 12:35:33,261 INFO exchanges.views Retrieved 0 exchanges
2025-12-23 12:35:33,743 INFO portfolios.views Retrieved 0 portfolios for user 1
2025-12-23 12:35:34,144 INFO news.views Retrieved 1 news items
2025-12-23 12:35:34,177 WARNING django.request Not Found: /ws/chat/
2025-12-23 12:35:34,501 INFO cryptocurrencies.views Retrieved 30 cryptocurrencies
2025-12-23 12:35:37,206 WARNING django.request Not Found: /ws/chat/
2025-12-23 12:35:40,279 WARNING django.request Not Found: /ws/chat/
2025-12-23 12:35:43,444 WARNING django.request Not Found: /ws/chat/
2025-12-23 12:35:46,749 WARNING django.request Not Found: /ws/chat/
2025-12-23 12:35:50,298 WARNING django.request Not Found: /ws/chat/
2025-12-23 12:35:53,876 INFO cryptocurrencies.views Retrieved 30 cryptocurrencies
2025-12-23 12:35:54,151 WARNING django.request Not Found: /ws/chat/
2025-12-23 12:35:58,373 WARNING django.request Not Found: /ws/chat/
2025-12-23 12:36:03,139 WARNING django.request Not Found: /ws/chat/
2025-12-23 12:36:10,623 WARNING django.request Not Found: /ws/chat/
2025-12-23 12:41:04,447 DEBUG registration.views Debug message
2025-12-23 12:41:04,447 INFO registration.views Info message
2025-12-23 12:41:04,448 ERROR registration.views Error message
2025-12-23 12:41:04,463 DEBUG news.views Debug message
2025-12-23 12:41:04,464 INFO news.views Info message
2025-12-23 12:41:04,464 ERROR news.views Error message
2025-12-23 12:41:04,477 DEBUG cryptocurrencies.views Debug message
2025-12-23 12:41:04,478 INFO cryptocurrencies.views Info message
2025-12-23 12:41:04,478 ERROR cryptocurrencies.views Error message
2025-12-23 12:41:04,493 DEBUG exchanges.views Debug message
2025-12-23 12:41:04,493 INFO exchanges.views Info message
2025-12-23 12:41:04,494 ERROR exchanges.views Error message
2025-12-23 12:41:04,509 DEBUG portfolios.views Debug message
2025-12-23 12:41:04,509 INFO portfolios.views Info message
2025-12-23 12:41:04,510 ERROR portfolios.views Error message
2025-12-23 12:41:04,523 DEBUG telegramChat.views Debug message
2025-12-23 12:41:04,523 INFO telegramChat.views Info message
2025-12-23 12:41:04,523 ERROR telegramChat.views Error message
2025-12-23 12:41:22,884 DEBUG registration.views Debug message
2025-12-23 12:41:22,885 INFO registration.views Info message
2025-12-23 12:41:22,886 ERROR registration.views Error message
2025-12-23 12:41:22,916 DEBUG news.views Debug message
2025-12-23 12:41:22,917 INFO news.views Info message
2025-12-23 12:41:22,918 ERROR news.views Error message
2025-12-23 12:41:22,943 DEBUG cryptocurrencies.views Debug message
2025-12-23 12:41:22,944 INFO cryptocurrencies.views Info message
2025-12-23 12:41:22,945 ERROR cryptocurrencies.views Error message
2025-12-23 12:41:22,971 DEBUG exchanges.views Debug message
2025-12-23 12:41:22,972 INFO exchanges.views Info message
2025-12-23 12:41:22,973 ERROR exchanges.views Error message
2025-12-23 12:41:22,997 DEBUG portfolios.views Debug message
2025-12-23 12:41:22,998 INFO portfolios.views Info message
2025-12-23 12:41:22,998 ERROR portfolios.views Error message
2025-12-23 12:41:23,019 DEBUG telegramChat.views Debug message
2025-12-23 12:41:23,019 INFO telegramChat.views Info message
2025-12-23 12:41:23,020 ERROR telegramChat.views Error message
2025-12-23 12:41:23,058 WARNING django.request Not Found: /ws/chat/
2025-12-23 12:41:23,069 INFO cryptocurrencies.views Retrieved 30 cryptocurrencies
2025-12-23 12:41:26,079 WARNING django.request Not Found: /ws/chat/
2025-12-23 12:41:29,102 WARNING django.request Not Found: /ws/chat/
2025-12-23 12:41:29,608 INFO news.views Retrieved 1 news items
2025-12-23 12:41:32,120 WARNING django.request Not Found: /ws/chat/
2025-12-23 12:41:35,031 INFO portfolios.views Retrieved 0 portfolios for user 1
2025-12-23 12:41:35,141 WARNING django.request Not Found: /ws/chat/
2025-12-23 12:41:35,582 INFO exchanges.views Retrieved 0 exchanges
2025-12-23 12:41:36,117 INFO portfolios.views Retrieved 0 portfolios for user 1
2025-12-23 12:41:36,636 INFO exchanges.views Retrieved 0 exchanges
2025-12-23 12:41:37,326 INFO portfolios.views Retrieved 0 portfolios for user 1
2025-12-23 12:41:37,976 INFO exchanges.views Retrieved 0 exchanges
2025-12-23 12:41:38,158 WARNING django.request Not Found: /ws/chat/
2025-12-23 12:41:39,548 INFO cryptocurrencies.views Retrieved 30 cryptocurrencies
2025-12-23 12:41:41,188 WARNING django.request Not Found: /ws/chat/
2025-12-23 12:41:44,224 WARNING django.request Not Found: /ws/chat/
2025-12-23 12:41:47,260 WARNING django.request Not Found: /ws/chat/
2025-12-23 12:41:50,302 WARNING django.request Not Found: /ws/chat/
2025-12-23 12:41:53,355 WARNING django.request Not Found: /ws/chat/
2025-12-23 12:41:56,425 WARNING django.request Not Found: /ws/chat/
2025-12-23 12:41:59,731 WARNING django.request Not Found: /ws/chat/
2025-12-23 12:42:03,040 WARNING django.request Not Found: /ws/chat/
2025-12-23 12:42:07,184 WARNING django.request Not Found: /ws/chat/
2025-12-23 12:42:11,197 WARNING django.request Not Found: /ws/chat/
2025-12-23 12:42:15,788 WARNING django.request Not Found: /ws/chat/
2025-12-23 12:42:22,402 WARNING django.request Not Found: /ws/chat/
2025-12-23 12:42:27,171 WARNING django.request Not Found: /ws/chat/
2025-12-23 12:42:29,362 INFO news.views Retrieved 1 news items
2025-12-23 12:42:30,911 INFO exchanges.views Retrieved 0 exchanges
2025-12-23 12:42:32,596 INFO portfolios.views Retrieved 0 portfolios for user 1
2025-12-23 12:42:33,527 INFO news.views Retrieved 1 news items
2025-12-23 12:42:33,551 WARNING django.request Not Found: /ws/chat/
2025-12-23 12:42:42,013 INFO news.views Retrieved 1 news items
2025-12-23 12:42:45,948 WARNING django.request Not Found: /ws/chat/
2025-12-23 12:42:51,489 WARNING django.request Not Found: /ws/chat/
2025-12-23 12:42:55,775 WARNING django.request Not Found: /ws/chat/
2025-12-23 12:42:59,950 WARNING django.request Not Found: /ws/chat/
2025-12-23 12:43:05,400 WARNING django.request Not Found: /ws/chat/
2025-12-23 12:43:10,904 WARNING django.request Not Found: /ws/chat/
2025-12-23 12:43:17,040 WARNING django.request Not Found: /ws/chat/
2025-12-23 12:43:23,693 WARNING django.request Not Found: /ws/chat/
2025-12-24 10:48:28,986 DEBUG registration.views Debug message
2025-12-24 10:48:28,987 INFO registration.views Info message
2025-12-24 10:48:28,988 ERROR registration.views Error message
2025-12-24 10:48:29,022 DEBUG news.views Debug message
2025-12-24 10:48:29,023 INFO news.views Info message
2025-12-24 10:48:29,024 ERROR news.views Error message
2025-12-24 10:48:29,054 DEBUG cryptocurrencies.views Debug message
2025-12-24 10:48:29,055 INFO cryptocurrencies.views Info message
2025-12-24 10:48:29,056 ERROR cryptocurrencies.views Error message
2025-12-24 10:48:29,084 DEBUG exchanges.views Debug message
2025-12-24 10:48:29,084 INFO exchanges.views Info message
2025-12-24 10:48:29,085 ERROR exchanges.views Error message
2025-12-24 10:48:29,118 DEBUG portfolios.views Debug message
2025-12-24 10:48:29,118 INFO portfolios.views Info message
2025-12-24 10:48:29,119 ERROR portfolios.views Error message
2025-12-24 10:48:29,151 DEBUG telegramChat.views Debug message
2025-12-24 10:48:29,152 INFO telegramChat.views Info message
2025-12-24 10:48:29,154 ERROR telegramChat.views Error message
2025-12-24 10:49:01,680 DEBUG registration.views Debug message
2025-12-24 10:49:01,681 INFO registration.views Info message
2025-12-24 10:49:01,682 ERROR registration.views Error message
2025-12-24 10:49:01,722 DEBUG news.views Debug message
2025-12-24 10:49:01,723 INFO news.views Info message
2025-12-24 10:49:01,724 ERROR news.views Error message
2025-12-24 10:49:01,768 DEBUG cryptocurrencies.views Debug message
2025-12-24 10:49:01,769 INFO cryptocurrencies.views Info message
2025-12-24 10:49:01,771 ERROR cryptocurrencies.views Error message
2025-12-24 10:49:01,834 DEBUG exchanges.views Debug message
2025-12-24 10:49:01,835 INFO exchanges.views Info message
2025-12-24 10:49:01,837 ERROR exchanges.views Error message
2025-12-24 10:49:01,886 DEBUG portfolios.views Debug message
2025-12-24 10:49:01,887 INFO portfolios.views Info message
2025-12-24 10:49:01,889 ERROR portfolios.views Error message
2025-12-24 10:49:01,945 DEBUG telegramChat.views Debug message
2025-12-24 10:49:01,946 INFO telegramChat.views Info message
2025-12-24 10:49:01,948 ERROR telegramChat.views Error message
2025-12-24 10:49:01,956 WARNING django.request Unauthorized: /registration/auth/profile/
2025-12-24 10:49:02,067 WARNING django.request Not Found: /ws/chat/
2025-12-24 10:49:02,083 INFO cryptocurrencies.views Retrieved 30 cryptocurrencies
2025-12-24 10:49:04,606 INFO news.views Retrieved 1 news items
2025-12-24 10:49:05,086 WARNING django.request Not Found: /ws/chat/
2025-12-24 10:49:05,286 INFO portfolios.views Retrieved 0 portfolios for user 1
2025-12-24 10:49:07,440 INFO news.views Retrieved 1 news items
2025-12-24 10:49:07,914 INFO cryptocurrencies.views Retrieved 30 cryptocurrencies
2025-12-24 10:49:08,110 WARNING django.request Not Found: /ws/chat/
2025-12-24 10:49:08,506 INFO news.views Retrieved 1 news items
2025-12-24 10:49:08,929 INFO cryptocurrencies.views Retrieved 30 cryptocurrencies
2025-12-24 10:49:11,139 WARNING django.request Not Found: /ws/chat/
2025-12-24 10:49:12,406 INFO news.views Retrieved 1 news items
2025-12-24 10:49:12,954 INFO portfolios.views Retrieved 0 portfolios for user 1
2025-12-24 10:49:14,173 WARNING django.request Not Found: /ws/chat/
2025-12-24 10:49:14,989 INFO cryptocurrencies.views Retrieved 30 cryptocurrencies
2025-12-24 10:49:17,215 WARNING django.request Not Found: /ws/chat/
2025-12-24 10:49:20,268 WARNING django.request Not Found: /ws/chat/
2025-12-24 10:49:23,308 WARNING django.request Not Found: /ws/chat/
2025-12-24 10:49:26,345 WARNING django.request Not Found: /ws/chat/
2025-12-24 10:49:29,409 WARNING django.request Not Found: /ws/chat/
2025-12-24 10:49:32,470 WARNING django.request Not Found: /ws/chat/
2025-12-24 10:49:35,596 WARNING django.request Not Found: /ws/chat/
2025-12-24 10:49:38,737 WARNING django.request Not Found: /ws/chat/
2025-12-24 10:49:42,133 WARNING django.request Not Found: /ws/chat/
2025-12-24 10:49:45,854 WARNING django.request Not Found: /ws/chat/
2025-12-24 10:49:49,889 WARNING django.request Not Found: /ws/chat/
2025-12-24 10:49:56,868 WARNING django.request Not Found: /ws/chat/
2025-12-24 10:50:02,448 WARNING django.request Not Found: /ws/chat/
2025-12-24 10:50:08,795 WARNING django.request Not Found: /ws/chat/
2025-12-24 10:50:16,021 WARNING django.request Not Found: /ws/chat/
2025-12-24 10:50:22,892 WARNING django.request Not Found: /ws/chat/
2025-12-24 10:50:28,314 WARNING django.request Not Found: /ws/chat/
2025-12-24 10:50:32,403 WARNING django.request Not Found: /ws/chat/
2025-12-24 10:50:37,941 WARNING django.request Not Found: /ws/chat/
2025-12-24 10:50:42,216 WARNING django.request Not Found: /ws/chat/
2025-12-24 10:50:49,295 WARNING django.request Not Found: /ws/chat/
2025-12-24 10:50:57,330 WARNING django.request Not Found: /ws/chat/
2025-12-24 10:51:01,796 WARNING django.request Not Found: /ws/chat/
2025-12-24 10:51:04,818 WARNING django.request Not Found: /ws/chat/
2025-12-24 10:51:07,862 WARNING django.request Not Found: /ws/chat/
2025-12-24 10:51:10,893 WARNING django.request Not Found: /ws/chat/
2025-12-24 10:51:13,918 WARNING django.request Not Found: /ws/chat/
2025-12-24 10:51:16,932 WARNING django.request Not Found: /ws/chat/
2025-12-24 10:51:19,964 WARNING django.request Not Found: /ws/chat/
2025-12-24 10:51:23,003 WARNING django.request Not Found: /ws/chat/
2025-12-24 10:51:26,229 WARNING django.request Not Found: /ws/chat/
2025-12-24 10:51:29,282 WARNING django.request Not Found: /ws/chat/
2025-12-24 10:51:32,336 WARNING django.request Not Found: /ws/chat/
2025-12-24 10:51:35,442 WARNING django.request Not Found: /ws/chat/
2025-12-24 10:51:38,598 WARNING django.request Not Found: /ws/chat/
2025-12-24 10:51:41,706 WARNING django.request Not Found: /ws/chat/
2025-12-24 10:51:44,861 WARNING django.request Not Found: /ws/chat/
2025-12-24 10:51:49,027 WARNING django.request Not Found: /ws/chat/
2025-12-24 10:51:52,957 WARNING django.request Not Found: /ws/chat/
2025-12-24 10:51:58,178 WARNING django.request Not Found: /ws/chat/
2025-12-24 10:52:02,890 WARNING django.request Not Found: /ws/chat/
2025-12-24 10:52:10,005 WARNING django.request Not Found: /ws/chat/
2025-12-24 10:52:14,197 WARNING django.request Not Found: /ws/chat/
2025-12-24 10:52:19,329 WARNING django.request Not Found: /ws/chat/
2025-12-24 10:52:25,362 WARNING django.request Not Found: /ws/chat/
2025-12-24 10:52:30,900 WARNING django.request Not Found: /ws/chat/
2025-12-24 10:52:35,186 WARNING django.request Not Found: /ws/chat/
2025-12-24 10:52:42,074 WARNING django.request Not Found: /ws/chat/
2025-12-24 10:52:48,334 WARNING django.request Not Found: /ws/chat/
2025-12-24 10:52:53,211 WARNING django.request Not Found: /ws/chat/
2025-12-24 10:52:59,583 WARNING django.request Not Found: /ws/chat/
2025-12-24 10:53:05,460 WARNING django.request Not Found: /ws/chat/
2025-12-24 10:53:11,596 WARNING django.request Not Found: /ws/chat/
2025-12-24 10:53:18,783 WARNING django.request Not Found: /ws/chat/
2025-12-24 10:53:23,286 WARNING django.request Not Found: /ws/chat/
2025-12-24 10:53:28,527 WARNING django.request Not Found: /ws/chat/
2025-12-24 10:53:32,782 WARNING django.request Not Found: /ws/chat/
2025-12-24 10:53:40,004 WARNING django.request Not Found: /ws/chat/
2025-12-24 10:53:45,292 WARNING django.request Not Found: /ws/chat/
2025-12-24 10:53:51,793 WARNING django.request Not Found: /ws/chat/
2025-12-24 10:53:59,661 WARNING django.request Not Found: /ws/chat/
2025-12-24 10:54:06,313 WARNING django.request Not Found: /ws/chat/
2025-12-24 10:54:12,730 WARNING django.request Not Found: /ws/chat/
2025-12-24 10:54:16,942 WARNING django.request Not Found: /ws/chat/
2025-12-24 10:54:22,377 WARNING django.request Not Found: /ws/chat/
2025-12-24 10:54:30,245 WARNING django.request Not Found: /ws/chat/
2025-12-24 10:54:36,291 WARNING django.request Not Found: /ws/chat/
2025-12-24 10:54:43,710 WARNING django.request Not Found: /ws/chat/
2025-12-24 10:54:50,344 WARNING django.request Not Found: /ws/chat/
2025-12-24 10:54:57,250 WARNING django.request Not Found: /ws/chat/
2025-12-24 10:55:05,074 WARNING django.request Not Found: /ws/chat/
2025-12-24 10:55:13,008 WARNING django.request Not Found: /ws/chat/
2025-12-24 10:55:20,260 WARNING django.request Not Found: /ws/chat/
2025-12-24 10:55:25,640 WARNING django.request Not Found: /ws/chat/
2025-12-24 10:55:33,611 WARNING django.request Not Found: /ws/chat/
2025-12-24 10:55:40,018 WARNING django.request Not Found: /ws/chat/
2025-12-24 10:55:47,578 WARNING django.request Not Found: /ws/chat/
2025-12-24 10:55:54,980 WARNING django.request Not Found: /ws/chat/
2025-12-24 10:56:00,968 WARNING django.request Not Found: /ws/chat/
2025-12-24 10:56:08,022 WARNING django.request Not Found: /ws/chat/
2025-12-24 10:56:15,756 WARNING django.request Not Found: /ws/chat/
2025-12-24 10:56:22,337 WARNING django.request Not Found: /ws/chat/
2025-12-24 10:56:27,591 WARNING django.request Not Found: /ws/chat/
2025-12-24 10:56:33,563 WARNING django.request Not Found: /ws/chat/
2025-12-24 10:56:38,015 WARNING django.request Not Found: /ws/chat/
2025-12-24 10:56:44,375 WARNING django.request Not Found: /ws/chat/
2025-12-24 10:56:49,035 WARNING django.request Not Found: /ws/chat/
2025-12-24 10:56:55,499 WARNING django.request Not Found: /ws/chat/
2025-12-24 10:57:01,872 WARNING django.request Not Found: /ws/chat/
2025-12-24 10:57:04,903 WARNING django.request Not Found: /ws/chat/
2025-12-24 10:57:07,940 WARNING django.request Not Found: /ws/chat/
2025-12-24 10:57:10,970 WARNING django.request Not Found: /ws/chat/
2025-12-24 10:57:13,990 WARNING django.request Not Found: /ws/chat/
2025-12-24 10:57:17,031 WARNING django.request Not Found: /ws/chat/
2025-12-24 10:57:20,079 WARNING django.request Not Found: /ws/chat/
2025-12-24 10:57:23,129 WARNING django.request Not Found: /ws/chat/
2025-12-24 10:57:26,171 WARNING django.request Not Found: /ws/chat/
2025-12-24 10:57:29,215 WARNING django.request Not Found: /ws/chat/
2025-12-24 10:57:32,291 WARNING django.request Not Found: /ws/chat/
2025-12-24 10:57:35,384 WARNING django.request Not Found: /ws/chat/
2025-12-24 10:57:38,539 WARNING django.request Not Found: /ws/chat/
2025-12-24 10:57:41,735 WARNING django.request Not Found: /ws/chat/
2025-12-24 10:57:45,071 WARNING django.request Not Found: /ws/chat/
2025-12-24 10:57:49,249 WARNING django.request Not Found: /ws/chat/
2025-12-24 10:57:53,052 WARNING django.request Not Found: /ws/chat/
2025-12-24 10:57:59,562 WARNING django.request Not Found: /ws/chat/
2025-12-24 10:58:05,272 WARNING django.request Not Found: /ws/chat/
2025-12-24 10:58:10,154 WARNING django.request Not Found: /ws/chat/
2025-12-24 10:58:16,198 WARNING django.request Not Found: /ws/chat/
2025-12-24 10:58:21,261 WARNING django.request Not Found: /ws/chat/
2025-12-24 10:58:26,895 WARNING django.request Not Found: /ws/chat/
2025-12-24 10:58:34,330 WARNING django.request Not Found: /ws/chat/
2025-12-24 10:58:39,469 WARNING django.request Not Found: /ws/chat/
2025-12-24 10:58:45,368 WARNING django.request Not Found: /ws/chat/
2025-12-24 10:58:50,490 WARNING django.request Not Found: /ws/chat/
2025-12-24 10:58:57,690 WARNING django.request Not Found: /ws/chat/
2025-12-24 10:59:03,736 WARNING django.request Not Found: /ws/chat/
2025-12-24 10:59:06,765 WARNING django.request Not Found: /ws/chat/
2025-12-24 10:59:09,792 WARNING django.request Not Found: /ws/chat/
2025-12-24 10:59:12,818 WARNING django.request Not Found: /ws/chat/
2025-12-24 10:59:15,854 WARNING django.request Not Found: /ws/chat/
2025-12-24 10:59:18,886 WARNING django.request Not Found: /ws/chat/
2025-12-24 10:59:21,927 WARNING django.request Not Found: /ws/chat/
2025-12-24 10:59:24,966 WARNING django.request Not Found: /ws/chat/
2025-12-24 10:59:28,005 WARNING django.request Not Found: /ws/chat/
2025-12-24 10:59:31,048 WARNING django.request Not Found: /ws/chat/
2025-12-24 10:59:34,096 WARNING django.request Not Found: /ws/chat/
2025-12-24 10:59:37,188 WARNING django.request Not Found: /ws/chat/
2025-12-24 10:59:40,350 WARNING django.request Not Found: /ws/chat/
2025-12-24 10:59:43,500 WARNING django.request Not Found: /ws/chat/
2025-12-24 10:59:47,159 WARNING django.request Not Found: /ws/chat/
2025-12-24 10:59:51,060 WARNING django.request Not Found: /ws/chat/
2025-12-24 10:59:52,788 INFO news.views Retrieved 1 news items
2025-12-24 10:59:53,526 INFO portfolios.views Retrieved 0 portfolios for user 1
2025-12-24 10:59:54,635 INFO exchanges.views Retrieved 0 exchanges
2025-12-24 10:59:54,874 WARNING django.request Not Found: /ws/chat/
2025-12-24 10:59:55,247 INFO portfolios.views Retrieved 0 portfolios for user 1
2025-12-24 10:59:56,190 INFO exchanges.views Retrieved 0 exchanges
2025-12-24 11:00:03,209 WARNING django.request Not Found: /ws/chat/
2025-12-24 11:00:09,402 WARNING django.request Not Found: /ws/chat/
2025-12-24 11:00:17,109 WARNING django.request Not Found: /ws/chat/
2025-12-24 11:00:22,861 WARNING django.request Not Found: /ws/chat/
2025-12-24 11:00:30,512 WARNING django.request Not Found: /ws/chat/
2025-12-24 11:00:36,304 WARNING django.request Not Found: /ws/chat/
2025-12-24 11:00:44,184 WARNING django.request Not Found: /ws/chat/
2025-12-24 11:00:51,937 WARNING django.request Not Found: /ws/chat/
2025-12-24 11:00:57,583 WARNING django.request Not Found: /ws/chat/
2025-12-24 11:01:06,222 WARNING django.request Not Found: /ws/chat/
2025-12-24 11:01:10,225 WARNING django.request Not Found: /ws/chat/
2025-12-24 11:01:14,236 WARNING django.request Not Found: /ws/chat/
2025-12-24 11:01:18,212 WARNING django.request Not Found: /ws/chat/
2025-12-24 11:01:22,221 WARNING django.request Not Found: /ws/chat/
2025-12-24 11:01:26,224 WARNING django.request Not Found: /ws/chat/
2025-12-24 11:01:30,220 WARNING django.request Not Found: /ws/chat/
2025-12-24 11:01:34,237 WARNING django.request Not Found: /ws/chat/
2025-12-24 11:01:38,232 WARNING django.request Not Found: /ws/chat/
2025-12-24 11:01:42,238 WARNING django.request Not Found: /ws/chat/
2025-12-24 11:01:46,251 WARNING django.request Not Found: /ws/chat/
2025-12-24 11:01:50,279 WARNING django.request Not Found: /ws/chat/
2025-12-24 11:01:54,312 WARNING django.request Not Found: /ws/chat/
2025-12-24 11:01:58,433 WARNING django.request Not Found: /ws/chat/
2025-12-24 11:02:02,595 WARNING django.request Not Found: /ws/chat/
2025-12-24 11:02:06,618 WARNING django.request Not Found: /ws/chat/
2025-12-24 11:02:11,999 WARNING django.request Not Found: /ws/chat/
2025-12-24 11:02:19,882 WARNING django.request Not Found: /ws/chat/
2025-12-24 11:02:27,897 WARNING django.request Not Found: /ws/chat/
2025-12-24 11:02:35,276 WARNING django.request Not Found: /ws/chat/
2025-12-24 11:02:40,393 WARNING django.request Not Found: /ws/chat/
2025-12-24 11:02:47,431 WARNING django.request Not Found: /ws/chat/
2025-12-24 11:02:53,075 WARNING django.request Not Found: /ws/chat/
2025-12-24 11:02:58,271 WARNING django.request Not Found: /ws/chat/
2025-12-24 11:03:06,285 WARNING django.request Not Found: /ws/chat/
2025-12-24 11:03:10,231 WARNING django.request Not Found: /ws/chat/
2025-12-24 11:03:14,229 WARNING django.request Not Found: /ws/chat/
2025-12-24 11:03:18,213 WARNING django.request Not Found: /ws/chat/
2025-12-24 11:03:22,231 WARNING django.request Not Found: /ws/chat/
2025-12-24 11:03:26,222 WARNING django.request Not Found: /ws/chat/
2025-12-24 11:03:30,221 WARNING django.request Not Found: /ws/chat/
2025-12-24 11:03:34,248 WARNING django.request Not Found: /ws/chat/
2025-12-24 11:03:38,239 WARNING django.request Not Found: /ws/chat/
2025-12-24 11:03:42,245 WARNING django.request Not Found: /ws/chat/
2025-12-24 11:03:46,259 WARNING django.request Not Found: /ws/chat/
2025-12-24 11:03:50,253 WARNING django.request Not Found: /ws/chat/
2025-12-24 11:03:54,296 WARNING django.request Not Found: /ws/chat/
2025-12-24 11:03:58,312 WARNING django.request Not Found: /ws/chat/
2025-12-24 11:04:02,458 WARNING django.request Not Found: /ws/chat/
2025-12-24 11:04:07,406 WARNING django.request Not Found: /ws/chat/
2025-12-24 11:04:13,108 WARNING django.request Not Found: /ws/chat/
2025-12-24 11:04:18,730 WARNING django.request Not Found: /ws/chat/
2025-12-24 11:04:26,059 WARNING django.request Not Found: /ws/chat/
2025-12-24 11:04:33,186 WARNING django.request Not Found: /ws/chat/
2025-12-24 11:04:38,812 WARNING django.request Not Found: /ws/chat/
2025-12-24 11:04:45,886 WARNING django.request Not Found: /ws/chat/
2025-12-24 11:04:51,736 WARNING django.request Not Found: /ws/chat/
2025-12-24 11:04:58,448 WARNING django.request Not Found: /ws/chat/
2025-12-24 11:05:04,322 WARNING django.request Not Found: /ws/chat/
2025-12-24 11:05:12,175 WARNING django.request Not Found: /ws/chat/
2025-12-24 11:05:16,487 WARNING django.request Not Found: /ws/chat/
2025-12-24 11:05:21,662 WARNING django.request Not Found: /ws/chat/
2025-12-24 11:05:29,768 WARNING django.request Not Found: /ws/chat/
2025-12-24 11:05:37,710 WARNING django.request Not Found: /ws/chat/
2025-12-24 11:05:45,418 WARNING django.request Not Found: /ws/chat/
2025-12-24 11:05:52,383 WARNING django.request Not Found: /ws/chat/
2025-12-24 11:06:01,054 WARNING django.request Not Found: /ws/chat/
2025-12-24 11:06:05,890 WARNING django.request Not Found: /ws/chat/
2025-12-24 11:06:14,044 WARNING django.request Not Found: /ws/chat/
2025-12-24 11:06:20,393 WARNING django.request Not Found: /ws/chat/
2025-12-24 11:06:28,095 WARNING django.request Not Found: /ws/chat/
2025-12-24 11:06:35,918 WARNING django.request Not Found: /ws/chat/
2025-12-24 11:06:43,931 WARNING django.request Not Found: /ws/chat/
2025-12-24 11:06:48,875 WARNING django.request Not Found: /ws/chat/
2025-12-24 11:06:54,730 WARNING django.request Not Found: /ws/chat/
2025-12-24 11:07:00,481 WARNING django.request Not Found: /ws/chat/
2025-12-24 11:07:05,241 WARNING django.request Not Found: /ws/chat/
2025-12-24 11:07:10,767 WARNING django.request Not Found: /ws/chat/
2025-12-24 11:07:15,889 WARNING django.request Not Found: /ws/chat/
2025-12-24 11:07:20,542 WARNING django.request Not Found: /ws/chat/
2025-12-24 11:07:25,769 WARNING django.request Not Found: /ws/chat/
2025-12-24 11:07:30,816 WARNING django.request Not Found: /ws/chat/
2025-12-24 11:07:37,076 WARNING django.request Not Found: /ws/chat/
2025-12-24 11:07:44,573 WARNING django.request Not Found: /ws/chat/
2025-12-24 11:07:51,144 WARNING django.request Not Found: /ws/chat/
2025-12-24 11:07:57,220 WARNING django.request Not Found: /ws/chat/
2025-12-24 11:08:05,023 WARNING django.request Not Found: /ws/chat/
2025-12-24 11:08:12,506 WARNING django.request Not Found: /ws/chat/
2025-12-24 11:08:18,913 WARNING django.request Not Found: /ws/chat/
2025-12-24 11:08:25,869 WARNING django.request Not Found: /ws/chat/
2025-12-24 11:08:33,516 WARNING django.request Not Found: /ws/chat/
2025-12-24 11:08:40,203 WARNING django.request Not Found: /ws/chat/
2025-12-24 11:08:48,132 WARNING django.request Not Found: /ws/chat/
2025-12-24 11:08:54,215 WARNING django.request Not Found: /ws/chat/
2025-12-24 11:09:02,437 WARNING django.request Not Found: /ws/chat/
2025-12-24 11:09:09,522 WARNING django.request Not Found: /ws/chat/
2025-12-24 11:09:13,212 WARNING django.request Not Found: /ws/chat/
2025-12-24 11:09:17,225 WARNING django.request Not Found: /ws/chat/
2025-12-24 11:09:21,220 WARNING django.request Not Found: /ws/chat/
2025-12-24 11:09:25,217 WARNING django.request Not Found: /ws/chat/
2025-12-24 11:09:29,217 WARNING django.request Not Found: /ws/chat/
2025-12-24 11:09:33,215 WARNING django.request Not Found: /ws/chat/
2025-12-24 11:09:37,243 WARNING django.request Not Found: /ws/chat/
2025-12-24 11:09:41,245 WARNING django.request Not Found: /ws/chat/
2025-12-24 11:09:45,250 WARNING django.request Not Found: /ws/chat/
2025-12-24 11:09:49,265 WARNING django.request Not Found: /ws/chat/
2025-12-24 11:09:53,247 WARNING django.request Not Found: /ws/chat/
2025-12-24 11:09:57,261 WARNING django.request Not Found: /ws/chat/
2025-12-24 11:10:01,510 WARNING django.request Not Found: /ws/chat/
2025-12-24 11:10:05,613 WARNING django.request Not Found: /ws/chat/
2025-12-24 11:10:09,546 WARNING django.request Not Found: /ws/chat/
2025-12-24 11:10:14,402 WARNING django.request Not Found: /ws/chat/
2025-12-24 11:10:20,309 WARNING django.request Not Found: /ws/chat/
2025-12-24 11:10:27,596 WARNING django.request Not Found: /ws/chat/
2025-12-24 11:10:34,707 WARNING django.request Not Found: /ws/chat/
2025-12-24 11:10:41,495 WARNING django.request Not Found: /ws/chat/
2025-12-24 11:10:47,879 WARNING django.request Not Found: /ws/chat/
2025-12-24 11:10:53,962 WARNING django.request Not Found: /ws/chat/
2025-12-24 11:10:59,490 WARNING django.request Not Found: /ws/chat/
2025-12-24 11:11:06,856 WARNING django.request Not Found: /ws/chat/
2025-12-24 11:11:11,935 WARNING django.request Not Found: /ws/chat/
2025-12-24 11:11:15,219 WARNING django.request Not Found: /ws/chat/
2025-12-24 11:11:19,229 WARNING django.request Not Found: /ws/chat/
2025-12-24 11:11:23,225 WARNING django.request Not Found: /ws/chat/
2025-12-24 11:11:27,223 WARNING django.request Not Found: /ws/chat/
2025-12-24 11:11:31,218 WARNING django.request Not Found: /ws/chat/
2025-12-24 11:11:35,224 WARNING django.request Not Found: /ws/chat/
2025-12-24 11:11:39,226 WARNING django.request Not Found: /ws/chat/
2025-12-24 11:11:43,231 WARNING django.request Not Found: /ws/chat/
2025-12-24 11:11:47,231 WARNING django.request Not Found: /ws/chat/
2025-12-24 11:11:51,254 WARNING django.request Not Found: /ws/chat/
2025-12-24 11:11:55,246 WARNING django.request Not Found: /ws/chat/
2025-12-24 11:11:59,335 WARNING django.request Not Found: /ws/chat/
2025-12-24 11:12:03,491 WARNING django.request Not Found: /ws/chat/
2025-12-24 11:12:07,649 WARNING django.request Not Found: /ws/chat/
2025-12-24 11:12:11,749 WARNING django.request Not Found: /ws/chat/
2025-12-24 11:12:16,798 WARNING django.request Not Found: /ws/chat/
2025-12-24 11:12:23,214 WARNING django.request Not Found: /ws/chat/
2025-12-24 11:12:30,569 WARNING django.request Not Found: /ws/chat/
2025-12-24 11:12:39,012 WARNING django.request Not Found: /ws/chat/
2025-12-24 11:12:44,892 WARNING django.request Not Found: /ws/chat/
2025-12-24 11:12:52,986 WARNING django.request Not Found: /ws/chat/
2025-12-24 11:12:57,690 WARNING django.request Not Found: /ws/chat/
2025-12-24 11:13:03,017 WARNING django.request Not Found: /ws/chat/
2025-12-24 11:13:08,248 WARNING django.request Not Found: /ws/chat/
2025-12-24 11:13:16,645 WARNING django.request Not Found: /ws/chat/
2025-12-24 11:13:23,603 WARNING django.request Not Found: /ws/chat/
2025-12-24 11:13:30,452 WARNING django.request Not Found: /ws/chat/
2025-12-24 11:13:36,220 WARNING django.request Not Found: /ws/chat/
2025-12-24 11:13:42,890 WARNING django.request Not Found: /ws/chat/
2025-12-24 11:13:50,121 WARNING django.request Not Found: /ws/chat/
2025-12-24 11:13:57,151 WARNING django.request Not Found: /ws/chat/
2025-12-24 11:14:02,790 WARNING django.request Not Found: /ws/chat/
2025-12-24 11:14:10,801 WARNING django.request Not Found: /ws/chat/
2025-12-24 11:14:19,067 WARNING django.request Not Found: /ws/chat/
2025-12-24 11:14:26,785 WARNING django.request Not Found: /ws/chat/
2025-12-24 11:14:32,721 WARNING django.request Not Found: /ws/chat/
2025-12-24 11:14:38,641 WARNING django.request Not Found: /ws/chat/
2025-12-24 11:14:47,153 WARNING django.request Not Found: /ws/chat/
2025-12-24 11:14:52,980 WARNING django.request Not Found: /ws/chat/
2025-12-24 11:14:58,393 WARNING django.request Not Found: /ws/chat/
2025-12-24 11:15:06,711 WARNING django.request Not Found: /ws/chat/
2025-12-24 11:15:14,221 WARNING django.request Not Found: /ws/chat/
2025-12-24 11:15:18,216 WARNING django.request Not Found: /ws/chat/
2025-12-24 11:15:22,227 WARNING django.request Not Found: /ws/chat/
2025-12-24 11:15:26,221 WARNING django.request Not Found: /ws/chat/
2025-12-24 11:15:30,219 WARNING django.request Not Found: /ws/chat/
2025-12-24 11:15:34,224 WARNING django.request Not Found: /ws/chat/
2025-12-24 11:15:38,214 WARNING django.request Not Found: /ws/chat/
2025-12-24 11:15:42,240 WARNING django.request Not Found: /ws/chat/
2025-12-24 11:15:46,241 WARNING django.request Not Found: /ws/chat/
2025-12-24 11:15:50,227 WARNING django.request Not Found: /ws/chat/
2025-12-24 11:15:54,253 WARNING django.request Not Found: /ws/chat/
2025-12-24 11:15:58,294 WARNING django.request Not Found: /ws/chat/
2025-12-24 11:16:02,301 WARNING django.request Not Found: /ws/chat/
2025-12-24 11:16:06,374 WARNING django.request Not Found: /ws/chat/
2025-12-24 11:16:10,538 WARNING django.request Not Found: /ws/chat/
2025-12-24 11:16:14,744 WARNING django.request Not Found: /ws/chat/
2025-12-24 11:16:20,214 WARNING django.request Not Found: /ws/chat/
2025-12-24 11:16:30,322 WARNING django.request Not Found: /ws/chat/
2025-12-24 11:16:37,890 WARNING django.request Not Found: /ws/chat/
2025-12-24 11:16:43,261 WARNING django.request Not Found: /ws/chat/
2025-12-24 11:16:48,360 WARNING django.request Not Found: /ws/chat/
2025-12-24 11:16:55,638 WARNING django.request Not Found: /ws/chat/
2025-12-24 11:17:00,276 WARNING django.request Not Found: /ws/chat/
2025-12-24 11:17:07,533 WARNING django.request Not Found: /ws/chat/
2025-12-24 11:17:13,287 WARNING django.request Not Found: /ws/chat/
2025-12-24 11:17:18,236 WARNING django.request Not Found: /ws/chat/
2025-12-24 11:17:27,085 WARNING django.request Not Found: /ws/chat/
2025-12-24 11:17:32,910 WARNING django.request Not Found: /ws/chat/
2025-12-24 11:17:38,360 WARNING django.request Not Found: /ws/chat/
2025-12-24 11:17:43,899 WARNING django.request Not Found: /ws/chat/
2025-12-24 11:17:48,539 WARNING django.request Not Found: /ws/chat/
2025-12-24 11:17:56,396 WARNING django.request Not Found: /ws/chat/
2025-12-24 11:18:04,259 WARNING django.request Not Found: /ws/chat/
2025-12-24 11:18:10,993 WARNING django.request Not Found: /ws/chat/
2025-12-24 11:18:17,480 WARNING django.request Not Found: /ws/chat/
2025-12-24 11:18:24,559 WARNING django.request Not Found: /ws/chat/
2025-12-24 11:18:29,465 WARNING django.request Not Found: /ws/chat/
2025-12-24 11:18:37,393 WARNING django.request Not Found: /ws/chat/
2025-12-24 11:18:42,615 WARNING django.request Not Found: /ws/chat/
2025-12-24 11:18:48,655 WARNING django.request Not Found: /ws/chat/
2025-12-24 11:18:55,982 WARNING django.request Not Found: /ws/chat/
2025-12-24 11:19:03,243 WARNING django.request Not Found: /ws/chat/
2025-12-24 11:19:10,709 WARNING django.request Not Found: /ws/chat/
2025-12-24 11:19:15,679 WARNING django.request Not Found: /ws/chat/
2025-12-24 11:19:19,228 WARNING django.request Not Found: /ws/chat/
2025-12-24 11:19:23,235 WARNING django.request Not Found: /ws/chat/
2025-12-24 11:19:27,251 WARNING django.request Not Found: /ws/chat/
2025-12-24 11:19:31,883 WARNING django.request Not Found: /ws/chat/
2025-12-24 11:19:35,235 WARNING django.request Not Found: /ws/chat/
2025-12-24 11:19:39,221 WARNING django.request Not Found: /ws/chat/
2025-12-24 11:19:43,237 WARNING django.request Not Found: /ws/chat/
2025-12-24 11:19:47,226 WARNING django.request Not Found: /ws/chat/
2025-12-24 11:19:51,238 WARNING django.request Not Found: /ws/chat/
2025-12-24 11:19:55,262 WARNING django.request Not Found: /ws/chat/
2025-12-24 11:19:59,240 WARNING django.request Not Found: /ws/chat/
2025-12-24 11:20:03,345 WARNING django.request Not Found: /ws/chat/
2025-12-24 11:20:07,395 WARNING django.request Not Found: /ws/chat/
2025-12-24 11:20:11,393 WARNING django.request Not Found: /ws/chat/
2025-12-24 11:20:15,960 WARNING django.request Not Found: /ws/chat/
2025-12-24 11:20:19,987 WARNING django.request Not Found: /ws/chat/
2025-12-24 11:20:28,075 WARNING django.request Not Found: /ws/chat/
2025-12-24 11:20:34,689 WARNING django.request Not Found: /ws/chat/
2025-12-24 11:20:42,185 WARNING django.request Not Found: /ws/chat/
2025-12-24 11:20:49,247 WARNING django.request Not Found: /ws/chat/
2025-12-24 11:20:54,583 WARNING django.request Not Found: /ws/chat/
2025-12-24 12:08:03,421 DEBUG registration.views Debug message
2025-12-24 12:08:03,423 INFO registration.views Info message
2025-12-24 12:08:03,424 ERROR registration.views Error message
2025-12-24 12:08:03,452 DEBUG news.views Debug message
2025-12-24 12:08:03,452 INFO news.views Info message
2025-12-24 12:08:03,453 ERROR news.views Error message
2025-12-24 12:08:03,482 DEBUG cryptocurrencies.views Debug message
2025-12-24 12:08:03,483 INFO cryptocurrencies.views Info message
2025-12-24 12:08:03,483 ERROR cryptocurrencies.views Error message
2025-12-24 12:08:03,512 DEBUG exchanges.views Debug message
2025-12-24 12:08:03,512 INFO exchanges.views Info message
2025-12-24 12:08:03,513 ERROR exchanges.views Error message
2025-12-24 12:08:03,545 DEBUG portfolios.views Debug message
2025-12-24 12:08:03,546 INFO portfolios.views Info message
2025-12-24 12:08:03,547 ERROR portfolios.views Error message
2025-12-24 12:08:03,580 DEBUG telegramChat.views Debug message
2025-12-24 12:08:03,581 INFO telegramChat.views Info message
2025-12-24 12:08:03,581 ERROR telegramChat.views Error message
2025-12-24 12:09:13,384 DEBUG registration.views Debug message
2025-12-24 12:09:13,384 INFO registration.views Info message
2025-12-24 12:09:13,385 ERROR registration.views Error message
2025-12-24 12:09:13,399 DEBUG news.views Debug message
2025-12-24 12:09:13,400 INFO news.views Info message
2025-12-24 12:09:13,400 ERROR news.views Error message
2025-12-24 12:09:13,413 DEBUG cryptocurrencies.views Debug message
2025-12-24 12:09:13,414 INFO cryptocurrencies.views Info message
2025-12-24 12:09:13,414 ERROR cryptocurrencies.views Error message
2025-12-24 12:09:13,425 DEBUG exchanges.views Debug message
2025-12-24 12:09:13,425 INFO exchanges.views Info message
2025-12-24 12:09:13,425 ERROR exchanges.views Error message
2025-12-24 12:09:13,436 DEBUG portfolios.views Debug message
2025-12-24 12:09:13,436 INFO portfolios.views Info message
2025-12-24 12:09:13,437 ERROR portfolios.views Error message
2025-12-24 12:09:13,447 DEBUG telegramChat.views Debug message
2025-12-24 12:09:13,447 INFO telegramChat.views Info message
2025-12-24 12:09:13,447 ERROR telegramChat.views Error message
2025-12-24 12:09:13,450 WARNING django.request Unauthorized: /registration/auth/profile/
2025-12-24 12:09:13,533 WARNING django.request Not Found: /ws/chat/
2025-12-24 12:09:13,546 INFO cryptocurrencies.views Retrieved 30 cryptocurrencies
2025-12-24 12:09:15,413 INFO news.views Retrieved 1 news items
2025-12-24 12:09:16,211 INFO portfolios.views Retrieved 0 portfolios for user 1
2025-12-24 12:09:16,548 WARNING django.request Not Found: /ws/chat/
2025-12-24 12:09:17,299 INFO exchanges.views Retrieved 0 exchanges
2025-12-24 12:09:19,676 WARNING django.request Not Found: /ws/chat/
2025-12-24 12:09:22,737 WARNING django.request Not Found: /ws/chat/
2025-12-24 12:09:45,640 DEBUG urllib3.connectionpool Starting new HTTPS connection (1): api.coingecko.com:443
2025-12-24 12:09:45,772 DEBUG urllib3.connectionpool https://api.coingecko.com:443 "GET /api/v3/coins/bitcoin/ohlc?vs_currency=usd&days=1 HTTP/1.1" 200 None
2025-12-24 12:09:45,774 DEBUG urllib3.connectionpool Starting new HTTPS connection (1): api.coingecko.com:443
2025-12-24 12:09:46,051 DEBUG urllib3.connectionpool https://api.coingecko.com:443 "GET /api/v3/coins/bitcoin/market_chart?vs_currency=usd&days=1 HTTP/1.1" 200 None
2025-12-24 12:09:52,065 DEBUG urllib3.connectionpool Starting new HTTPS connection (1): api.coingecko.com:443
2025-12-24 12:09:52,336 DEBUG urllib3.connectionpool https://api.coingecko.com:443 "GET /api/v3/coins/ethereum/ohlc?vs_currency=usd&days=1 HTTP/1.1" 200 None
2025-12-24 12:09:52,339 DEBUG urllib3.connectionpool Starting new HTTPS connection (1): api.coingecko.com:443
2025-12-24 12:09:52,646 DEBUG urllib3.connectionpool https://api.coingecko.com:443 "GET /api/v3/coins/ethereum/market_chart?vs_currency=usd&days=1 HTTP/1.1" 200 None
2025-12-24 12:09:58,652 DEBUG urllib3.connectionpool Starting new HTTPS connection (1): api.coingecko.com:443
2025-12-24 12:09:58,936 DEBUG urllib3.connectionpool https://api.coingecko.com:443 "GET /api/v3/coins/tether/ohlc?vs_currency=usd&days=1 HTTP/1.1" 200 None
2025-12-24 12:09:58,956 DEBUG urllib3.connectionpool Starting new HTTPS connection (1): api.coingecko.com:443
2025-12-24 12:09:59,061 DEBUG urllib3.connectionpool https://api.coingecko.com:443 "GET /api/v3/coins/tether/market_chart?vs_currency=usd&days=1 HTTP/1.1" 429 187
2025-12-24 12:10:05,067 DEBUG urllib3.connectionpool Starting new HTTPS connection (1): api.coingecko.com:443
2025-12-24 12:10:05,284 DEBUG urllib3.connectionpool https://api.coingecko.com:443 "GET /api/v3/coins/binancecoin/ohlc?vs_currency=usd&days=1 HTTP/1.1" 429 187
2025-12-24 12:10:11,289 DEBUG urllib3.connectionpool Starting new HTTPS connection (1): api.coingecko.com:443
2025-12-24 12:10:11,403 DEBUG urllib3.connectionpool https://api.coingecko.com:443 "GET /api/v3/coins/ripple/ohlc?vs_currency=usd&days=1 HTTP/1.1" 429 187
2025-12-24 12:10:17,408 DEBUG urllib3.connectionpool Starting new HTTPS connection (1): api.coingecko.com:443
2025-12-24 12:10:17,518 DEBUG urllib3.connectionpool https://api.coingecko.com:443 "GET /api/v3/coins/usd-coin/ohlc?vs_currency=usd&days=1 HTTP/1.1" 429 187
2025-12-24 12:10:23,522 DEBUG urllib3.connectionpool Starting new HTTPS connection (1): api.coingecko.com:443
2025-12-24 12:10:23,668 DEBUG urllib3.connectionpool https://api.coingecko.com:443 "GET /api/v3/coins/solana/ohlc?vs_currency=usd&days=1 HTTP/1.1" 429 187
2025-12-24 12:10:29,664 DEBUG urllib3.connectionpool Starting new HTTPS connection (1): api.coingecko.com:443
2025-12-24 12:10:29,772 DEBUG urllib3.connectionpool https://api.coingecko.com:443 "GET /api/v3/coins/tron/ohlc?vs_currency=usd&days=1 HTTP/1.1" 429 187
2025-12-24 12:10:35,778 DEBUG urllib3.connectionpool Starting new HTTPS connection (1): api.coingecko.com:443
2025-12-24 12:10:35,931 DEBUG urllib3.connectionpool https://api.coingecko.com:443 "GET /api/v3/coins/staked-ether/ohlc?vs_currency=usd&days=1 HTTP/1.1" 429 187
2025-12-24 12:10:41,936 DEBUG urllib3.connectionpool Starting new HTTPS connection (1): api.coingecko.com:443
2025-12-24 12:10:42,048 DEBUG urllib3.connectionpool https://api.coingecko.com:443 "GET /api/v3/coins/dogecoin/ohlc?vs_currency=usd&days=1 HTTP/1.1" 429 187
2025-12-24 12:10:48,053 DEBUG urllib3.connectionpool Starting new HTTPS connection (1): api.coingecko.com:443
2025-12-24 12:10:48,156 DEBUG urllib3.connectionpool https://api.coingecko.com:443 "GET /api/v3/coins/figure-heloc/ohlc?vs_currency=usd&days=1 HTTP/1.1" 429 187
2025-12-24 12:10:54,162 DEBUG urllib3.connectionpool Starting new HTTPS connection (1): api.coingecko.com:443
2025-12-24 12:10:54,252 DEBUG urllib3.connectionpool https://api.coingecko.com:443 "GET /api/v3/coins/cardano/ohlc?vs_currency=usd&days=1 HTTP/1.1" 429 187
2025-12-24 12:11:00,259 DEBUG urllib3.connectionpool Starting new HTTPS connection (1): api.coingecko.com:443
2025-12-24 12:11:00,781 DEBUG urllib3.connectionpool https://api.coingecko.com:443 "GET /api/v3/coins/whitebit/ohlc?vs_currency=usd&days=1 HTTP/1.1" 200 None
2025-12-24 12:11:00,784 DEBUG urllib3.connectionpool Starting new HTTPS connection (1): api.coingecko.com:443
2025-12-24 12:11:01,080 DEBUG urllib3.connectionpool https://api.coingecko.com:443 "GET /api/v3/coins/whitebit/market_chart?vs_currency=usd&days=1 HTTP/1.1" 200 None
2025-12-24 12:11:07,089 DEBUG urllib3.connectionpool Starting new HTTPS connection (1): api.coingecko.com:443
2025-12-24 12:11:07,326 DEBUG urllib3.connectionpool https://api.coingecko.com:443 "GET /api/v3/coins/bitcoin-cash/ohlc?vs_currency=usd&days=1 HTTP/1.1" 200 None
2025-12-24 12:11:07,328 DEBUG urllib3.connectionpool Starting new HTTPS connection (1): api.coingecko.com:443
2025-12-24 12:11:07,439 DEBUG urllib3.connectionpool https://api.coingecko.com:443 "GET /api/v3/coins/bitcoin-cash/market_chart?vs_currency=usd&days=1 HTTP/1.1" 200 None
2025-12-24 12:11:13,446 DEBUG urllib3.connectionpool Starting new HTTPS connection (1): api.coingecko.com:443
2025-12-24 12:11:13,770 DEBUG urllib3.connectionpool https://api.coingecko.com:443 "GET /api/v3/coins/wrapped-steth/ohlc?vs_currency=usd&days=1 HTTP/1.1" 200 None
2025-12-24 12:11:13,771 DEBUG urllib3.connectionpool Starting new HTTPS connection (1): api.coingecko.com:443
2025-12-24 12:11:14,054 DEBUG urllib3.connectionpool https://api.coingecko.com:443 "GET /api/v3/coins/wrapped-steth/market_chart?vs_currency=usd&days=1 HTTP/1.1" 200 None
2025-12-24 12:11:20,060 DEBUG urllib3.connectionpool Starting new HTTPS connection (1): api.coingecko.com:443
2025-12-24 12:11:20,144 DEBUG urllib3.connectionpool https://api.coingecko.com:443 "GET /api/v3/coins/wrapped-bitcoin/ohlc?vs_currency=usd&days=1 HTTP/1.1" 429 187
2025-12-24 12:11:26,146 DEBUG urllib3.connectionpool Starting new HTTPS connection (1): api.coingecko.com:443
2025-12-24 12:11:26,460 DEBUG urllib3.connectionpool https://api.coingecko.com:443 "GET /api/v3/coins/wrapped-beacon-eth/ohlc?vs_currency=usd&days=1 HTTP/1.1" 429 187
2025-12-24 12:11:32,483 DEBUG urllib3.connectionpool Starting new HTTPS connection (1): api.coingecko.com:443
2025-12-24 12:11:32,589 DEBUG urllib3.connectionpool https://api.coingecko.com:443 "GET /api/v3/coins/usds/ohlc?vs_currency=usd&days=1 HTTP/1.1" 429 187
2025-12-24 12:12:17,464 WARNING django.request Not Found: /ws/chat/
2025-12-24 12:12:17,475 INFO cryptocurrencies.views Retrieved 30 cryptocurrencies
2025-12-24 12:12:18,574 INFO exchanges.views Retrieved 0 exchanges
2025-12-24 12:12:20,491 WARNING django.request Not Found: /ws/chat/
2025-12-24 12:12:22,695 INFO portfolios.views Retrieved 0 portfolios for user 1
2025-12-24 12:12:23,442 INFO news.views Retrieved 1 news items
2025-12-24 12:12:23,507 WARNING django.request Not Found: /ws/chat/
2025-12-24 12:12:24,138 INFO cryptocurrencies.views Retrieved 30 cryptocurrencies
2025-12-24 12:12:26,521 WARNING django.request Not Found: /ws/chat/
2025-12-24 12:12:29,555 WARNING django.request Not Found: /ws/chat/
2025-12-24 12:12:32,593 WARNING django.request Not Found: /ws/chat/
2025-12-24 12:12:35,646 WARNING django.request Not Found: /ws/chat/
2025-12-24 12:12:38,688 WARNING django.request Not Found: /ws/chat/
2025-12-24 12:12:41,710 WARNING django.request Not Found: /ws/chat/
2025-12-24 12:12:44,749 WARNING django.request Not Found: /ws/chat/
2025-12-24 12:12:47,774 WARNING django.request Not Found: /ws/chat/
2025-12-24 12:12:50,804 WARNING django.request Not Found: /ws/chat/
2025-12-24 12:12:53,829 WARNING django.request Not Found: /ws/chat/
2025-12-24 12:12:56,863 WARNING django.request Not Found: /ws/chat/
2025-12-24 12:12:59,905 WARNING django.request Not Found: /ws/chat/
2025-12-24 12:13:02,949 WARNING django.request Not Found: /ws/chat/
2025-12-24 12:13:05,987 WARNING django.request Not Found: /ws/chat/
2025-12-24 12:13:09,063 WARNING django.request Not Found: /ws/chat/
2025-12-24 12:13:12,113 WARNING django.request Not Found: /ws/chat/
2025-12-24 12:13:15,299 WARNING django.request Not Found: /ws/chat/
2025-12-24 12:13:18,435 WARNING django.request Not Found: /ws/chat/
2025-12-24 12:13:21,858 WARNING django.request Not Found: /ws/chat/
2025-12-24 12:13:26,202 WARNING django.request Not Found: /ws/chat/
2025-12-24 12:19:06,780 DEBUG registration.views Debug message
2025-12-24 12:19:06,780 INFO registration.views Info message
2025-12-24 12:19:06,781 ERROR registration.views Error message
2025-12-24 12:19:06,804 DEBUG news.views Debug message
2025-12-24 12:19:06,804 INFO news.views Info message
2025-12-24 12:19:06,805 ERROR news.views Error message
2025-12-24 12:19:06,822 DEBUG cryptocurrencies.views Debug message
2025-12-24 12:19:06,822 INFO cryptocurrencies.views Info message
2025-12-24 12:19:06,823 ERROR cryptocurrencies.views Error message
2025-12-24 12:19:06,836 DEBUG exchanges.views Debug message
2025-12-24 12:19:06,836 INFO exchanges.views Info message
2025-12-24 12:19:06,837 ERROR exchanges.views Error message
2025-12-24 12:19:06,875 DEBUG portfolios.views Debug message
2025-12-24 12:19:06,877 INFO portfolios.views Info message
2025-12-24 12:19:06,878 ERROR portfolios.views Error message
2025-12-24 12:19:06,915 DEBUG telegramChat.views Debug message
2025-12-24 12:19:06,916 INFO telegramChat.views Info message
2025-12-24 12:19:06,917 ERROR telegramChat.views Error message
2025-12-24 12:19:12,208 DEBUG urllib3.connectionpool Starting new HTTPS connection (1): api.coingecko.com:443
2025-12-24 12:19:12,324 DEBUG urllib3.connectionpool https://api.coingecko.com:443 "GET /api/v3/simple/price?ids=bitcoin&vs_currencies=usd HTTP/1.1" 200 None
2025-12-24 12:19:12,327 DEBUG urllib3.connectionpool Starting new HTTPS connection (1): api.coingecko.com:443
2025-12-24 12:19:12,539 DEBUG urllib3.connectionpool https://api.coingecko.com:443 "GET /api/v3/exchanges?per_page=50&page=1 HTTP/1.1" 200 None
2025-12-24 12:19:12,542 DEBUG urllib3.connectionpool Starting new HTTPS connection (1): api.coingecko.com:443
2025-12-24 12:19:12,797 DEBUG urllib3.connectionpool https://api.coingecko.com:443 "GET /api/v3/exchanges/binance HTTP/1.1" 200 None
2025-12-24 12:19:18,802 DEBUG urllib3.connectionpool Starting new HTTPS connection (1): api.coingecko.com:443
2025-12-24 12:19:19,086 DEBUG urllib3.connectionpool https://api.coingecko.com:443 "GET /api/v3/exchanges/gate HTTP/1.1" 200 None
2025-12-24 12:19:25,093 DEBUG urllib3.connectionpool Starting new HTTPS connection (1): api.coingecko.com:443
2025-12-24 12:19:25,378 DEBUG urllib3.connectionpool https://api.coingecko.com:443 "GET /api/v3/exchanges/bybit_spot HTTP/1.1" 400 None
2025-12-24 12:19:31,383 DEBUG urllib3.connectionpool Starting new HTTPS connection (1): api.coingecko.com:443
2025-12-24 12:19:31,553 DEBUG urllib3.connectionpool https://api.coingecko.com:443 "GET /api/v3/exchanges/bitget HTTP/1.1" 429 187
2025-12-24 12:19:37,559 DEBUG urllib3.connectionpool Starting new HTTPS connection (1): api.coingecko.com:443
2025-12-24 12:19:37,668 DEBUG urllib3.connectionpool https://api.coingecko.com:443 "GET /api/v3/exchanges/gdax HTTP/1.1" 429 187
2025-12-24 12:19:43,672 DEBUG urllib3.connectionpool Starting new HTTPS connection (1): api.coingecko.com:443
2025-12-24 12:19:43,767 DEBUG urllib3.connectionpool https://api.coingecko.com:443 "GET /api/v3/exchanges/okex HTTP/1.1" 429 187
2025-12-24 12:19:49,772 DEBUG urllib3.connectionpool Starting new HTTPS connection (1): api.coingecko.com:443
2025-12-24 12:19:49,896 DEBUG urllib3.connectionpool https://api.coingecko.com:443 "GET /api/v3/exchanges/kraken HTTP/1.1" 429 187
2025-12-24 12:19:55,901 DEBUG urllib3.connectionpool Starting new HTTPS connection (1): api.coingecko.com:443
2025-12-24 12:19:56,038 DEBUG urllib3.connectionpool https://api.coingecko.com:443 "GET /api/v3/exchanges/mxc HTTP/1.1" 429 187
2025-12-24 12:20:02,043 DEBUG urllib3.connectionpool Starting new HTTPS connection (1): api.coingecko.com:443
2025-12-24 12:20:02,452 DEBUG urllib3.connectionpool https://api.coingecko.com:443 "GET /api/v3/exchanges/crypto_com HTTP/1.1" 429 187
2025-12-24 12:20:08,459 DEBUG urllib3.connectionpool Starting new HTTPS connection (1): api.coingecko.com:443
2025-12-24 12:20:08,599 DEBUG urllib3.connectionpool https://api.coingecko.com:443 "GET /api/v3/exchanges/huobi HTTP/1.1" 429 187
2025-12-24 12:20:35,339 DEBUG registration.views Debug message
2025-12-24 12:20:35,340 INFO registration.views Info message
2025-12-24 12:20:35,341 ERROR registration.views Error message
2025-12-24 12:20:35,386 DEBUG news.views Debug message
2025-12-24 12:20:35,387 INFO news.views Info message
2025-12-24 12:20:35,388 ERROR news.views Error message
2025-12-24 12:20:35,459 DEBUG cryptocurrencies.views Debug message
2025-12-24 12:20:35,460 INFO cryptocurrencies.views Info message
2025-12-24 12:20:35,462 ERROR cryptocurrencies.views Error message
2025-12-24 12:20:35,524 DEBUG exchanges.views Debug message
2025-12-24 12:20:35,525 INFO exchanges.views Info message
2025-12-24 12:20:35,527 ERROR exchanges.views Error message
2025-12-24 12:20:35,590 DEBUG portfolios.views Debug message
2025-12-24 12:20:35,591 INFO portfolios.views Info message
2025-12-24 12:20:35,593 ERROR portfolios.views Error message
2025-12-24 12:20:35,651 DEBUG telegramChat.views Debug message
2025-12-24 12:20:35,652 INFO telegramChat.views Info message
2025-12-24 12:20:35,654 ERROR telegramChat.views Error message
2025-12-24 12:20:35,776 WARNING django.request Not Found: /ws/chat/
2025-12-24 12:20:35,788 INFO cryptocurrencies.views Retrieved 30 cryptocurrencies
2025-12-24 12:20:37,984 INFO exchanges.views Retrieved 10 exchanges
2025-12-24 12:20:38,793 WARNING django.request Not Found: /ws/chat/
2025-12-24 12:20:41,815 WARNING django.request Not Found: /ws/chat/
2025-12-24 12:20:44,829 WARNING django.request Not Found: /ws/chat/
2025-12-24 12:20:47,854 WARNING django.request Not Found: /ws/chat/
2025-12-24 12:20:50,894 WARNING django.request Not Found: /ws/chat/
2025-12-24 12:20:53,919 WARNING django.request Not Found: /ws/chat/
2025-12-24 12:20:56,946 WARNING django.request Not Found: /ws/chat/
2025-12-24 12:20:59,987 WARNING django.request Not Found: /ws/chat/
2025-12-24 12:21:02,718 INFO news.views Retrieved 1 news items
2025-12-24 12:21:03,040 WARNING django.request Not Found: /ws/chat/
2025-12-24 12:21:03,285 INFO portfolios.views Retrieved 0 portfolios for user 1
2025-12-24 12:21:03,741 INFO exchanges.views Retrieved 10 exchanges
2025-12-24 12:21:06,109 WARNING django.request Not Found: /ws/chat/
2025-12-24 12:21:10,106 INFO exchanges.views Retrieved 10 exchanges
2025-12-24 12:21:10,249 WARNING django.request Not Found: /ws/chat/
2025-12-24 12:21:13,483 WARNING django.request Not Found: /ws/chat/
2025-12-24 12:21:16,684 WARNING django.request Not Found: /ws/chat/
2025-12-24 12:21:20,143 WARNING django.request Not Found: /ws/chat/
2025-12-24 12:21:23,945 WARNING django.request Not Found: /ws/chat/
2025-12-24 12:21:29,250 WARNING django.request Not Found: /ws/chat/
2025-12-24 12:21:36,932 WARNING django.request Not Found: /ws/chat/
2025-12-24 12:21:40,996 WARNING django.request Not Found: /ws/chat/
2025-12-24 12:21:46,925 WARNING django.request Not Found: /ws/chat/
2025-12-24 12:21:54,911 WARNING django.request Not Found: /ws/chat/
2025-12-24 12:22:00,236 WARNING django.request Not Found: /ws/chat/
2025-12-24 12:22:05,411 WARNING django.request Not Found: /ws/chat/
2025-12-24 12:22:10,115 WARNING django.request Not Found: /ws/chat/
2025-12-24 12:22:16,181 WARNING django.request Not Found: /ws/chat/
2025-12-24 12:22:22,631 WARNING django.request Not Found: /ws/chat/
2025-12-24 12:22:28,459 WARNING django.request Not Found: /ws/chat/
2025-12-24 12:22:34,154 WARNING django.request Not Found: /ws/chat/
2025-12-24 12:22:37,677 WARNING django.request Not Found: /ws/chat/
2025-12-24 12:22:41,683 WARNING django.request Not Found: /ws/chat/
2025-12-24 12:22:45,671 WARNING django.request Not Found: /ws/chat/
2025-12-24 12:22:49,679 WARNING django.request Not Found: /ws/chat/
2025-12-24 12:22:53,682 WARNING django.request Not Found: /ws/chat/
2025-12-24 12:22:57,679 WARNING django.request Not Found: /ws/chat/
2025-12-24 12:23:01,702 WARNING django.request Not Found: /ws/chat/
2025-12-24 12:23:05,686 WARNING django.request Not Found: /ws/chat/
2025-12-24 12:23:09,693 WARNING django.request Not Found: /ws/chat/
2025-12-24 12:23:13,704 WARNING django.request Not Found: /ws/chat/
2025-12-24 12:23:17,739 WARNING django.request Not Found: /ws/chat/
2025-12-24 12:23:21,784 WARNING django.request Not Found: /ws/chat/
2025-12-24 12:23:25,941 WARNING django.request Not Found: /ws/chat/
2025-12-24 12:23:30,009 WARNING django.request Not Found: /ws/chat/
2025-12-24 12:23:34,580 WARNING django.request Not Found: /ws/chat/
2025-12-24 12:23:39,317 WARNING django.request Not Found: /ws/chat/
2025-12-24 12:23:44,086 WARNING django.request Not Found: /ws/chat/
2025-12-24 12:23:51,462 WARNING django.request Not Found: /ws/chat/
2025-12-24 12:23:57,464 WARNING django.request Not Found: /ws/chat/
2025-12-24 12:24:02,663 WARNING django.request Not Found: /ws/chat/
2025-12-24 12:24:07,884 WARNING django.request Not Found: /ws/chat/
2025-12-24 12:24:15,738 WARNING django.request Not Found: /ws/chat/
2025-12-24 12:24:22,608 WARNING django.request Not Found: /ws/chat/
2025-12-24 12:24:28,988 WARNING django.request Not Found: /ws/chat/
2025-12-24 12:24:36,043 WARNING django.request Not Found: /ws/chat/
2025-12-24 12:24:39,672 WARNING django.request Not Found: /ws/chat/
2025-12-24 12:24:43,679 WARNING django.request Not Found: /ws/chat/
2025-12-24 12:24:47,681 WARNING django.request Not Found: /ws/chat/
2025-12-24 12:24:51,692 WARNING django.request Not Found: /ws/chat/
2025-12-24 12:24:55,683 WARNING django.request Not Found: /ws/chat/
2025-12-24 12:24:59,701 WARNING django.request Not Found: /ws/chat/
2025-12-24 12:25:03,689 WARNING django.request Not Found: /ws/chat/
2025-12-24 12:25:07,679 WARNING django.request Not Found: /ws/chat/
2025-12-24 12:25:11,678 WARNING django.request Not Found: /ws/chat/
2025-12-24 12:25:15,709 WARNING django.request Not Found: /ws/chat/
2025-12-24 12:25:19,750 WARNING django.request Not Found: /ws/chat/
2025-12-24 12:25:23,762 WARNING django.request Not Found: /ws/chat/
2025-12-24 12:25:27,786 WARNING django.request Not Found: /ws/chat/
2025-12-24 12:25:31,957 WARNING django.request Not Found: /ws/chat/
2025-12-24 12:25:36,398 WARNING django.request Not Found: /ws/chat/
2025-12-24 12:25:40,632 WARNING django.request Not Found: /ws/chat/
2025-12-24 12:25:47,233 WARNING django.request Not Found: /ws/chat/
2025-12-24 12:25:54,559 WARNING django.request Not Found: /ws/chat/
2025-12-24 12:26:02,118 WARNING django.request Not Found: /ws/chat/
2025-12-24 12:26:08,548 WARNING django.request Not Found: /ws/chat/
2025-12-24 12:26:13,237 WARNING django.request Not Found: /ws/chat/
2025-12-24 12:26:18,883 WARNING django.request Not Found: /ws/chat/
2025-12-24 12:26:25,825 WARNING django.request Not Found: /ws/chat/
2025-12-24 12:26:33,484 WARNING django.request Not Found: /ws/chat/
2025-12-24 12:26:38,108 WARNING django.request Not Found: /ws/chat/
2025-12-24 12:26:41,672 WARNING django.request Not Found: /ws/chat/
2025-12-24 12:26:45,677 WARNING django.request Not Found: /ws/chat/
2025-12-24 12:26:49,692 WARNING django.request Not Found: /ws/chat/
2025-12-24 12:26:53,691 WARNING django.request Not Found: /ws/chat/
2025-12-24 12:26:57,689 WARNING django.request Not Found: /ws/chat/
